numero;curso;ch_minima_horas;fonte
1;Açaicultor;160;Guia Pronatec de Cursos FIC, 4ª edição (2016)
2;Acoplador;240;Guia Pronatec de Cursos FIC, 4ª edição (2016)
3;Açougueiro;160;Guia Pronatec de Cursos FIC, 4ª edição (2016)
4;Aderecista;200;Guia Pronatec de Cursos FIC, 4ª edição (2016)
5;Adestrador de Cães;200;Guia Pronatec de Cursos FIC, 4ª edição (2016)
6;Administrador de Banco de Dados;200;Guia Pronatec de Cursos FIC, 4ª edição (2016)
7;Administrador de Empreendimentos Florestais de;160;Guia Pronatec de Cursos FIC, 4ª edição (2016)
8;Agente Comunitário de Saúde;400;Guia Pronatec de Cursos FIC, 4ª edição (2016)
9;Agente Cultural;160;Guia Pronatec de Cursos FIC, 4ª edição (2016)
10;Agente de Aeroporto;200;Guia Pronatec de Cursos FIC, 4ª edição (2016)
11;Agente de Alimentação Escolar;160;Guia Pronatec de Cursos FIC, 4ª edição (2016)
12;Agente de Assistência Técnica e Extensão Rural;200;Guia Pronatec de Cursos FIC, 4ª edição (2016)
14;Agente de Combate às Endemias;240;Guia Pronatec de Cursos FIC, 4ª edição (2016)
15;Agente de Desenvolvimento Cooperativista;160;Guia Pronatec de Cursos FIC, 4ª edição (2016)
16;Agente de Desenvolvimento Socioambiental;160;Guia Pronatec de Cursos FIC, 4ª edição (2016)
17;Agente de Estação Ferroviária;400;Guia Pronatec de Cursos FIC, 4ª edição (2016)
18;Agente de Gestão de Resíduos Sólidos;240;Guia Pronatec de Cursos FIC, 4ª edição (2016)
19;Agente de Inclusão Digital em Centros Públicos de;200;Guia Pronatec de Cursos FIC, 4ª edição (2016)
20;Agente de Informações Turísticas;200;Guia Pronatec de Cursos FIC, 4ª edição (2016)
21;Agente de Instrumentação Hidrológica;260;Guia Pronatec de Cursos FIC, 4ª edição (2016)
22;Agente de Instrumentação Meteorológica;240;Guia Pronatec de Cursos FIC, 4ª edição (2016)
23;Agente de Limpeza e Conservação;160;Guia Pronatec de Cursos FIC, 4ª edição (2016)
24;Agente de Limpeza em Aeronaves;160;Guia Pronatec de Cursos FIC, 4ª edição (2016)
25;Agente de Limpeza Urbana;160;Guia Pronatec de Cursos FIC, 4ª edição (2016)
26;Agente de Logística Reversa;210;Guia Pronatec de Cursos FIC, 4ª edição (2016)
27;Agente de Microcrédito;160;Guia Pronatec de Cursos FIC, 4ª edição (2016)
28;Agente de Observação de Segurança;240;Guia Pronatec de Cursos FIC, 4ª edição (2016)
29;Agente de Operações em Comissaria;160;Guia Pronatec de Cursos FIC, 4ª edição (2016)
30;Agente de Peso e Balanceamento de Aeronaves;200;Guia Pronatec de Cursos FIC, 4ª edição (2016)
31;Agente de Projetos Sociais;160;Guia Pronatec de Cursos FIC, 4ª edição (2016)
32;Agente de Proteção Civil;160;Guia Pronatec de Cursos FIC, 4ª edição (2016)
33;Agente de Proteção Social Básica;240;Guia Pronatec de Cursos FIC, 4ª edição (2016)
34;Agente de Rampa e Fiscal de Pista;200;Guia Pronatec de Cursos FIC, 4ª edição (2016)
35;Agente de Recepção e Reservas em Meios de Hospedagem;160;Guia Pronatec de Cursos FIC, 4ª edição (2016)
36;Agente de Regularização Ambiental Rural;240;Guia Pronatec de Cursos FIC, 4ª edição (2016)
37;Agente de Resíduos Sólidos Hospitalares;160;Guia Pronatec de Cursos FIC, 4ª edição (2016)
38;Agente de Segregação e Coleta de Resíduos Sólidos;160;Guia Pronatec de Cursos FIC, 4ª edição (2016)
39;Agente Funerário;240;Guia Pronatec de Cursos FIC, 4ª edição (2016)
40;Agente Operacional de Estação de Passageiros;260;Guia Pronatec de Cursos FIC, 4ª edição (2016)
41;Agricultor Agroflorestal;200;Guia Pronatec de Cursos FIC, 4ª edição (2016)
42;Agricultor Familiar;200;Guia Pronatec de Cursos FIC, 4ª edição (2016)
43;Agricultor Orgânico;160;Guia Pronatec de Cursos FIC, 4ª edição (2016)
44;Ajudante de Manutenção em Tecelagem Plana;172;Guia Pronatec de Cursos FIC, 4ª edição (2016)
45;Ajudante de Obras;160;Guia Pronatec de Cursos FIC, 4ª edição (2016)
46;Ajustador Mecânico;160;Guia Pronatec de Cursos FIC, 4ª edição (2016)
47;Alemão Básico - A1;160;Guia Pronatec de Cursos FIC, 4ª edição (2016)
48;Alemão Básico - A2;160;Guia Pronatec de Cursos FIC, 4ª edição (2016)
49;Alemão Básico - B1;240;Guia Pronatec de Cursos FIC, 4ª edição (2016)
50;Alfaiate;240;Guia Pronatec de Cursos FIC, 4ª edição (2016)
52;Alimentador de Linha de Produção;160;Guia Pronatec de Cursos FIC, 4ª edição (2016)
53;Almoxarife;160;Guia Pronatec de Cursos FIC, 4ª edição (2016)
54;Almoxarife de Obras;160;Guia Pronatec de Cursos FIC, 4ª edição (2016)
55;Amostrador de Minérios;160;Guia Pronatec de Cursos FIC, 4ª edição (2016)
56;Animador em Stop Motion;200;Guia Pronatec de Cursos FIC, 4ª edição (2016)
57;Apicultor;160;Guia Pronatec de Cursos FIC, 4ª edição (2016)
58;Aplicador de Revestimento Cerâmico;160;Guia Pronatec de Cursos FIC, 4ª edição (2016)
59;Aplicador de Revestimentos Assoalhados;160;Guia Pronatec de Cursos FIC, 4ª edição (2016)
60;Aplicador de Sistemas de Proteção de Pisos e Revestimentos;160;Guia Pronatec de Cursos FIC, 4ª edição (2016)
61;Aquicultor;160;Guia Pronatec de Cursos FIC, 4ª edição (2016)
64;Arquivista de Músicas;160;Guia Pronatec de Cursos FIC, 4ª edição (2016)
65;Arrumador e Conferente de Cargas;160;Guia Pronatec de Cursos FIC, 4ª edição (2016)
66;Artesão de Artigos Indígenas;160;Guia Pronatec de Cursos FIC, 4ª edição (2016)
67;Artesão de Biojoias;160;Guia Pronatec de Cursos FIC, 4ª edição (2016)
68;Artesão de Cerâmica;160;Guia Pronatec de Cursos FIC, 4ª edição (2016)
69;Artesão de Pintura em Tecido;160;Guia Pronatec de Cursos FIC, 4ª edição (2016)
70;Artesão em Bordado à Mão;160;Guia Pronatec de Cursos FIC, 4ª edição (2016)
71;Artista Circense;200;Guia Pronatec de Cursos FIC, 4ª edição (2016)
72;Assistente Administrativo;160;Guia Pronatec de Cursos FIC, 4ª edição (2016)
73;Assistente de Camarim;160;Guia Pronatec de Cursos FIC, 4ª edição (2016)
74;Assistente de Contabilidade;160;Guia Pronatec de Cursos FIC, 4ª edição (2016)
76;Assistente de Coreografia;200;Guia Pronatec de Cursos FIC, 4ª edição (2016)
77;Assistente de Costura;160;Guia Pronatec de Cursos FIC, 4ª edição (2016)
78;Assistente de Crédito e Cobrança;160;Guia Pronatec de Cursos FIC, 4ª edição (2016)
79;Assistente de Design Têxtil;160;Guia Pronatec de Cursos FIC, 4ª edição (2016)
80;Assistente de Despachante Aduaneiro;160;Guia Pronatec de Cursos FIC, 4ª edição (2016)
81;Assistente de Dramaturgia;200;Guia Pronatec de Cursos FIC, 4ª edição (2016)
82;Assistente de Faturamento;160;Guia Pronatec de Cursos FIC, 4ª edição (2016)
83;Assistente de Logística;160;Guia Pronatec de Cursos FIC, 4ª edição (2016)
84;Assistente de Manutenção em Aeronaves;360;Guia Pronatec de Cursos FIC, 4ª edição (2016)
85;Assistente de Operação de Logística Portuária;160;Guia Pronatec de Cursos FIC, 4ª edição (2016)
86;Assistente de Palco;160;Guia Pronatec de Cursos FIC, 4ª edição (2016)
87;Assistente de Planejamento, Programação e;160;Guia Pronatec de Cursos FIC, 4ª edição (2016)
88;Assistente de Produção Cultural;160;Guia Pronatec de Cursos FIC, 4ª edição (2016)
89;Assistente de Recursos Humanos;160;Guia Pronatec de Cursos FIC, 4ª edição (2016)
91;Assistente de Serviços em Comércio Exterior;160;Guia Pronatec de Cursos FIC, 4ª edição (2016)
92;Assistente de Tesouraria;160;Guia Pronatec de Cursos FIC, 4ª edição (2016)
93;Assistente Escolar;160;Guia Pronatec de Cursos FIC, 4ª edição (2016)
94;Assistente Financeiro;160;Guia Pronatec de Cursos FIC, 4ª edição (2016)
95;Atendente de Lanchonete;160;Guia Pronatec de Cursos FIC, 4ª edição (2016)
96;Audiodescritor;160;Guia Pronatec de Cursos FIC, 4ª edição (2016)
97;Auxiliar de Agroecologia;240;Guia Pronatec de Cursos FIC, 4ª edição (2016)
98;Auxiliar de Agropecuária;200;Guia Pronatec de Cursos FIC, 4ª edição (2016)
99;Auxiliar de Arquivo;160;Guia Pronatec de Cursos FIC, 4ª edição (2016)
100;Auxiliar de Biblioteca;160;Guia Pronatec de Cursos FIC, 4ª edição (2016)
101;Auxiliar de Biotecnologia;240;Guia Pronatec de Cursos FIC, 4ª edição (2016)
102;Auxiliar de Cenotecnia;160;Guia Pronatec de Cursos FIC, 4ª edição (2016)
103;Auxiliar de Conservação de Acervos;200;Guia Pronatec de Cursos FIC, 4ª edição (2016)
104;Auxiliar de Cozinha;220;Guia Pronatec de Cursos FIC, 4ª edição (2016)
105;Auxiliar de Equoterapia;160;Guia Pronatec de Cursos FIC, 4ª edição (2016)
106;Auxiliar de Farmácia de Manipulação;240;Guia Pronatec de Cursos FIC, 4ª edição (2016)
107;Auxiliar de Fiscalização Ambiental;160;Guia Pronatec de Cursos FIC, 4ª edição (2016)
108;Auxiliar de Geoprocessamento;160;Guia Pronatec de Cursos FIC, 4ª edição (2016)
109;Auxiliar de Imobilização Ortopédica;240;Guia Pronatec de Cursos FIC, 4ª edição (2016)
110;Auxiliar de Laboratório de Entomologia Médica;300;Guia Pronatec de Cursos FIC, 4ª edição (2016)
111;Auxiliar de Laboratório de Saneamento;160;Guia Pronatec de Cursos FIC, 4ª edição (2016)
112;Auxiliar de Laboratório de Saúde;200;Guia Pronatec de Cursos FIC, 4ª edição (2016)
113;Auxiliar de Lavanderia;160;Guia Pronatec de Cursos FIC, 4ª edição (2016)
115;Auxiliar de Maquinista;340;Guia Pronatec de Cursos FIC, 4ª edição (2016)
116;Auxiliar de Operação de Estação de Tratamento de Águas;160;Guia Pronatec de Cursos FIC, 4ª edição (2016)
117;Auxiliar de Plataforma;260;Guia Pronatec de Cursos FIC, 4ª edição (2016)
118;Auxiliar de Produção de Celulose;160;Guia Pronatec de Cursos FIC, 4ª edição (2016)
119;Auxiliar de Saúde Bucal;300;Guia Pronatec de Cursos FIC, 4ª edição (2016)
120;Auxiliar de Transporte, Movimentação e;240;Guia Pronatec de Cursos FIC, 4ª edição (2016)
121;Auxiliar em Nutrição e Dietética;240;Guia Pronatec de Cursos FIC, 4ª edição (2016)
122;Auxiliar Pedagógico;200;Guia Pronatec de Cursos FIC, 4ª edição (2016)
123;Avicultor;200;Guia Pronatec de Cursos FIC, 4ª edição (2016)
124;Balconista de Farmácia;240;Guia Pronatec de Cursos FIC, 4ª edição (2016)
125;Barbeiro;160;Guia Pronatec de Cursos FIC, 4ª edição (2016)
126;Barista;160;Guia Pronatec de Cursos FIC, 4ª edição (2016)
127;Bartender;200;Guia Pronatec de Cursos FIC, 4ª edição (2016)
128;Beneficiador de Minérios;160;Guia Pronatec de Cursos FIC, 4ª edição (2016)
129;Beneficiador de Produtos Extrativistas;160;Guia Pronatec de Cursos FIC, 4ª edição (2016)
130;Bobinador Eletricista;160;Guia Pronatec de Cursos FIC, 4ª edição (2016)
131;Bombeiro Civil;210;Guia Pronatec de Cursos FIC, 4ª edição (2016)
132;Boneleiro;160;Guia Pronatec de Cursos FIC, 4ª edição (2016)
133;Borracheiro, Alinhador e Balanceador;160;Guia Pronatec de Cursos FIC, 4ª edição (2016)
134;Bovinocultor de Corte;200;Guia Pronatec de Cursos FIC, 4ª edição (2016)
135;Bovinocultor de Leite;200;Guia Pronatec de Cursos FIC, 4ª edição (2016)
136;Bubalinocultor de Corte;160;Guia Pronatec de Cursos FIC, 4ª edição (2016)
137;Bubalinocultor de Leite;160;Guia Pronatec de Cursos FIC, 4ª edição (2016)
138;Cabeleireiro;400;Guia Pronatec de Cursos FIC, 4ª edição (2016)
139;Cabista de Sistema de Telecomunicações;240;Guia Pronatec de Cursos FIC, 4ª edição (2016)
140;Cacauicultor;160;Guia Pronatec de Cursos FIC, 4ª edição (2016)
141;Cadista para a Construção Civil;160;Guia Pronatec de Cursos FIC, 4ª edição (2016)
142;Cafeicultor;160;Guia Pronatec de Cursos FIC, 4ª edição (2016)
143;Caldeireiro;260;Guia Pronatec de Cursos FIC, 4ª edição (2016)
144;Camareira em Meios de Hospedagem;200;Guia Pronatec de Cursos FIC, 4ª edição (2016)
145;Caprinocultor;200;Guia Pronatec de Cursos FIC, 4ª edição (2016)
146;Carpinteiro de Esquadrias;160;Guia Pronatec de Cursos FIC, 4ª edição (2016)
147;Carpinteiro de Estrutura de Telhados;160;Guia Pronatec de Cursos FIC, 4ª edição (2016)
148;Carpinteiro de Obras;200;Guia Pronatec de Cursos FIC, 4ª edição (2016)
149;Carpinteiro Naval;200;Guia Pronatec de Cursos FIC, 4ª edição (2016)
150;Cartonageiro à Mão;200;Guia Pronatec de Cursos FIC, 4ª edição (2016)
151;Carvoejador;160;Guia Pronatec de Cursos FIC, 4ª edição (2016)
152;Caseiro;160;Guia Pronatec de Cursos FIC, 4ª edição (2016)
153;Ceramista;240;Guia Pronatec de Cursos FIC, 4ª edição (2016)
154;Ceramista Decorador;160;Guia Pronatec de Cursos FIC, 4ª edição (2016)
155;Cerimonialista;160;Guia Pronatec de Cursos FIC, 4ª edição (2016)
156;Cervejeiro;200;Guia Pronatec de Cursos FIC, 4ª edição (2016)
157;Chaveiro;160;Guia Pronatec de Cursos FIC, 4ª edição (2016)
158;Churrasqueiro;160;Guia Pronatec de Cursos FIC, 4ª edição (2016)
159;Classificador de Couros;200;Guia Pronatec de Cursos FIC, 4ª edição (2016)
160;Cobrador de Ônibus Coletivo Urbano;160;Guia Pronatec de Cursos FIC, 4ª edição (2016)
162;Comprador;160;Guia Pronatec de Cursos FIC, 4ª edição (2016)
163;Comprador de Moda;200;Guia Pronatec de Cursos FIC, 4ª edição (2016)
164;Condutor de Turismo De Aventura;240;Guia Pronatec de Cursos FIC, 4ª edição (2016)
165;Condutor de Turismo de Pesca;160;Guia Pronatec de Cursos FIC, 4ª edição (2016)
166;Condutor de Turismo em Espaços Culturais Locais;200;Guia Pronatec de Cursos FIC, 4ª edição (2016)
167;Condutor de Turismo em Unidades de;200;Guia Pronatec de Cursos FIC, 4ª edição (2016)
168;Confeccionador de Acordeão;160;Guia Pronatec de Cursos FIC, 4ª edição (2016)
169;Confeccionador de Bijuterias;160;Guia Pronatec de Cursos FIC, 4ª edição (2016)
170;Confeccionador de Bolsas em Couro e Material Sintético;160;Guia Pronatec de Cursos FIC, 4ª edição (2016)
171;Confeccionador de Bolsas em Tecido;160;Guia Pronatec de Cursos FIC, 4ª edição (2016)
172;Confeccionador de Calçados;260;Guia Pronatec de Cursos FIC, 4ª edição (2016)
173;Confeccionador de Instrumentos de Corda;160;Guia Pronatec de Cursos FIC, 4ª edição (2016)
174;Confeccionador de Instrumentos de Percussão;200;Guia Pronatec de Cursos FIC, 4ª edição (2016)
175;Confeccionador de Instrumentos de Sopro;160;Guia Pronatec de Cursos FIC, 4ª edição (2016)
176;Confeccionador de Lingerie e Moda Praia;160;Guia Pronatec de Cursos FIC, 4ª edição (2016)
177;Confeccionador de Móveis Metálicos;160;Guia Pronatec de Cursos FIC, 4ª edição (2016)
179;Confeccionador de Vestuário de Couro;160;Guia Pronatec de Cursos FIC, 4ª edição (2016)
180;Confeiteiro;200;Guia Pronatec de Cursos FIC, 4ª edição (2016)
181;Conformador de Peças em Metal;160;Guia Pronatec de Cursos FIC, 4ª edição (2016)
182;Conservador de Aeronaves;160;Guia Pronatec de Cursos FIC, 4ª edição (2016)
183;Contador de Histórias;160;Guia Pronatec de Cursos FIC, 4ª edição (2016)
184;Contrarregra;160;Guia Pronatec de Cursos FIC, 4ª edição (2016)
185;Copeiro;160;Guia Pronatec de Cursos FIC, 4ª edição (2016)
186;Corretor de Moda;160;Guia Pronatec de Cursos FIC, 4ª edição (2016)
187;Cortador de Confecção Industrial;160;Guia Pronatec de Cursos FIC, 4ª edição (2016)
188;Costureiro de Calçados;160;Guia Pronatec de Cursos FIC, 4ª edição (2016)
189;Costureiro de Máquina Reta e Overloque;160;Guia Pronatec de Cursos FIC, 4ª edição (2016)
190;Costureiro Industrial do Vestuário;200;Guia Pronatec de Cursos FIC, 4ª edição (2016)
191;Cozinheiro;400;Guia Pronatec de Cursos FIC, 4ª edição (2016)
192;Cozinheiro Industrial;360;Guia Pronatec de Cursos FIC, 4ª edição (2016)
194;Criador de Peixes em Tanque Rede;200;Guia Pronatec de Cursos FIC, 4ª edição (2016)
195;Criador de Peixes em Viveiros Escavados;200;Guia Pronatec de Cursos FIC, 4ª edição (2016)
196;Cubador de Madeira;160;Guia Pronatec de Cursos FIC, 4ª edição (2016)
197;Cuidador de Animais Silvestres;160;Guia Pronatec de Cursos FIC, 4ª edição (2016)
198;Cuidador de Idoso;160;Guia Pronatec de Cursos FIC, 4ª edição (2016)
199;Cuidador Infantil;160;Guia Pronatec de Cursos FIC, 4ª edição (2016)
201;Curtidor de Couros e Peles;200;Guia Pronatec de Cursos FIC, 4ª edição (2016)
202;Curvador;240;Guia Pronatec de Cursos FIC, 4ª edição (2016)
203;Dendeicultor;160;Guia Pronatec de Cursos FIC, 4ª edição (2016)
204;Depilador;160;Guia Pronatec de Cursos FIC, 4ª edição (2016)
205;Desenhista da Construção Civil;160;Guia Pronatec de Cursos FIC, 4ª edição (2016)
206;Desenhista de Animação;200;Guia Pronatec de Cursos FIC, 4ª edição (2016)
207;Desenhista de Calçados;160;Guia Pronatec de Cursos FIC, 4ª edição (2016)
208;Desenhista de Joias e Bijuterias;160;Guia Pronatec de Cursos FIC, 4ª edição (2016)
209;Desenhista de Moda;160;Guia Pronatec de Cursos FIC, 4ª edição (2016)
210;Desenhista de Móveis;160;Guia Pronatec de Cursos FIC, 4ª edição (2016)
211;Desenhista de Produtos Gráficos Web;160;Guia Pronatec de Cursos FIC, 4ª edição (2016)
212;Desenhista de Topografia;160;Guia Pronatec de Cursos FIC, 4ª edição (2016)
213;Desenhista Mecânico;160;Guia Pronatec de Cursos FIC, 4ª edição (2016)
214;Desenvolvedor de Aplicativos para Mídias Digitais;240;Guia Pronatec de Cursos FIC, 4ª edição (2016)
215;Desenvolvedor de Jogos Eletrônicos;240;Guia Pronatec de Cursos FIC, 4ª edição (2016)
216;Despachante de Transporte Coletivo;160;Guia Pronatec de Cursos FIC, 4ª edição (2016)
217;Destilador de Bebidas;160;Guia Pronatec de Cursos FIC, 4ª edição (2016)
218;Disc Jóquei (DJ);160;Guia Pronatec de Cursos FIC, 4ª edição (2016)
219;Domador de Cavalos;200;Guia Pronatec de Cursos FIC, 4ª edição (2016)
220;Dublador;200;Guia Pronatec de Cursos FIC, 4ª edição (2016)
221;Editor de Animação;200;Guia Pronatec de Cursos FIC, 4ª edição (2016)
222;Editor de Maquetes Eletrônicas;200;Guia Pronatec de Cursos FIC, 4ª edição (2016)
223;Editor de Projeto Visual Gráfico;160;Guia Pronatec de Cursos FIC, 4ª edição (2016)
224;Editor de Vídeo;160;Guia Pronatec de Cursos FIC, 4ª edição (2016)
225;Elaborador de Legenda Descritiva;160;Guia Pronatec de Cursos FIC, 4ª edição (2016)
226;Eletricista de Audiovisual;160;Guia Pronatec de Cursos FIC, 4ª edição (2016)
227;Eletricista de Automóveis;200;Guia Pronatec de Cursos FIC, 4ª edição (2016)
228;Eletricista de Manutenção Ferroviária;400;Guia Pronatec de Cursos FIC, 4ª edição (2016)
229;Eletricista de Rede de Distribuição de Energia Elétrica;200;Guia Pronatec de Cursos FIC, 4ª edição (2016)
230;Eletricista de Sistemas de Energias Renováveis;200;Guia Pronatec de Cursos FIC, 4ª edição (2016)
231;Eletricista Industrial;200;Guia Pronatec de Cursos FIC, 4ª edição (2016)
232;Eletricista Instalador Predial de Baixa Tensão;160;Guia Pronatec de Cursos FIC, 4ª edição (2016)
233;Eletricista Naval;200;Guia Pronatec de Cursos FIC, 4ª edição (2016)
234;Eletromecânico de Automóveis;360;Guia Pronatec de Cursos FIC, 4ª edição (2016)
235;Embalador;160;Guia Pronatec de Cursos FIC, 4ª edição (2016)
236;Encadernador Gráfico;160;Guia Pronatec de Cursos FIC, 4ª edição (2016)
237;Encanador Industrial;160;Guia Pronatec de Cursos FIC, 4ª edição (2016)
238;Encanador Instalador Predial;200;Guia Pronatec de Cursos FIC, 4ª edição (2016)
239;Equideocultor;240;Guia Pronatec de Cursos FIC, 4ª edição (2016)
240;Escriturário de Banco;160;Guia Pronatec de Cursos FIC, 4ª edição (2016)
242;Espanhol Básico;160;Guia Pronatec de Cursos FIC, 4ª edição (2016)
243;Espanhol Intermediário;160;Guia Pronatec de Cursos FIC, 4ª edição (2016)
244;Estampador de Tecido;160;Guia Pronatec de Cursos FIC, 4ª edição (2016)
245;Esteticista de Animais Domésticos;160;Guia Pronatec de Cursos FIC, 4ª edição (2016)
246;Estilista de Calçados;160;Guia Pronatec de Cursos FIC, 4ª edição (2016)
247;Estivador;160;Guia Pronatec de Cursos FIC, 4ª edição (2016)
248;Estofador de Móveis;160;Guia Pronatec de Cursos FIC, 4ª edição (2016)
249;Figurinista;160;Guia Pronatec de Cursos FIC, 4ª edição (2016)
250;Floricultor;160;Guia Pronatec de Cursos FIC, 4ª edição (2016)
251;Florista;160;Guia Pronatec de Cursos FIC, 4ª edição (2016)
252;Fluviário em Embarcações Especiais;160;Guia Pronatec de Cursos FIC, 4ª edição (2016)
253;Forneiro e Operador de Alto-Forno;240;Guia Pronatec de Cursos FIC, 4ª edição (2016)
254;Forneiro Fundidor de Metais;220;Guia Pronatec de Cursos FIC, 4ª edição (2016)
255;Forragicultor;160;Guia Pronatec de Cursos FIC, 4ª edição (2016)
256;Fotógrafo;190;Guia Pronatec de Cursos FIC, 4ª edição (2016)
258;Francês Básico;160;Guia Pronatec de Cursos FIC, 4ª edição (2016)
259;Francês Intermediário;160;Guia Pronatec de Cursos FIC, 4ª edição (2016)
260;Frentista;160;Guia Pronatec de Cursos FIC, 4ª edição (2016)
261;Fresador Mecânico;200;Guia Pronatec de Cursos FIC, 4ª edição (2016)
262;Fruticultor;200;Guia Pronatec de Cursos FIC, 4ª edição (2016)
263;Fundidor de Joias;160;Guia Pronatec de Cursos FIC, 4ª edição (2016)
264;Funileiro de Automóveis;240;Guia Pronatec de Cursos FIC, 4ª edição (2016)
265;Garçom;200;Guia Pronatec de Cursos FIC, 4ª edição (2016)
266;Gesseiro;160;Guia Pronatec de Cursos FIC, 4ª edição (2016)
267;Gestor de Condomínio;160;Guia Pronatec de Cursos FIC, 4ª edição (2016)
268;Gestor de Microempresa;160;Guia Pronatec de Cursos FIC, 4ª edição (2016)
269;Gravador de Cilindros Rotográficos;160;Guia Pronatec de Cursos FIC, 4ª edição (2016)
270;Gravador de Clichês Flexográficos;160;Guia Pronatec de Cursos FIC, 4ª edição (2016)
271;Gravador de Joias;160;Guia Pronatec de Cursos FIC, 4ª edição (2016)
272;Guia Intérprete;160;Guia Pronatec de Cursos FIC, 4ª edição (2016)
273;Higienista de Serviços de Saúde;240;Guia Pronatec de Cursos FIC, 4ª edição (2016)
274;Horticultor Orgânico;160;Guia Pronatec de Cursos FIC, 4ª edição (2016)
275;Identificador Florestal;160;Guia Pronatec de Cursos FIC, 4ª edição (2016)
276;Iluminador Cênico;160;Guia Pronatec de Cursos FIC, 4ª edição (2016)
277;Ilustrador;160;Guia Pronatec de Cursos FIC, 4ª edição (2016)
278;Impressor de Offset;160;Guia Pronatec de Cursos FIC, 4ª edição (2016)
279;Impressor Digital;160;Guia Pronatec de Cursos FIC, 4ª edição (2016)
280;Impressor Flexográfico;160;Guia Pronatec de Cursos FIC, 4ª edição (2016)
281;Impressor Rotográfico;160;Guia Pronatec de Cursos FIC, 4ª edição (2016)
283;Inglês Básico;160;Guia Pronatec de Cursos FIC, 4ª edição (2016)
284;Inglês Intermediário;160;Guia Pronatec de Cursos FIC, 4ª edição (2016)
285;Inseminador Artificial de Animais;160;Guia Pronatec de Cursos FIC, 4ª edição (2016)
286;Inspetor de Qualidade;160;Guia Pronatec de Cursos FIC, 4ª edição (2016)
287;Inspetor Escolar;160;Guia Pronatec de Cursos FIC, 4ª edição (2016)
288;Instalador de Acessórios Automotivos;160;Guia Pronatec de Cursos FIC, 4ª edição (2016)
289;Instalador de Aquecedores Residenciais a Gás;160;Guia Pronatec de Cursos FIC, 4ª edição (2016)
290;Instalador de Esquadrias;160;Guia Pronatec de Cursos FIC, 4ª edição (2016)
291;Instalador de Isolamento Térmico;160;Guia Pronatec de Cursos FIC, 4ª edição (2016)
292;Instalador de Persianas e Filmes de Proteção;160;Guia Pronatec de Cursos FIC, 4ª edição (2016)
293;Instalador de Sistemas Eletrônicos de Segurança;200;Guia Pronatec de Cursos FIC, 4ª edição (2016)
294;Instalador de Tubulações Industriais;160;Guia Pronatec de Cursos FIC, 4ª edição (2016)
295;Instalador de Tubulações Navais;240;Guia Pronatec de Cursos FIC, 4ª edição (2016)
296;Instalador e Reparador de Equipamentos de;160;Guia Pronatec de Cursos FIC, 4ª edição (2016)
297;Instalador e Reparador de Linhas de Telecomunicação;160;Guia Pronatec de Cursos FIC, 4ª edição (2016)
298;Instalador e Reparador de Linhas e Sistemas de Telefonia;200;Guia Pronatec de Cursos FIC, 4ª edição (2016)
299;Instalador e Reparador de Rede de TV a Cabo;160;Guia Pronatec de Cursos FIC, 4ª edição (2016)
300;Instalador e Reparador de Redes de Computadores;200;Guia Pronatec de Cursos FIC, 4ª edição (2016)
301;Instalador e Reparador de Redes, Cabos e;200;Guia Pronatec de Cursos FIC, 4ª edição (2016)
302;Instalador Hidráulico Residencial;160;Guia Pronatec de Cursos FIC, 4ª edição (2016)
303;Instalador Montador de Elevadores;160;Guia Pronatec de Cursos FIC, 4ª edição (2016)
304;Instalador Predial de Tubulações de Gás Combustível;160;Guia Pronatec de Cursos FIC, 4ª edição (2016)
305;Instalador Reparador de Fibras Óticas;160;Guia Pronatec de Cursos FIC, 4ª edição (2016)
306;Instrumentista Industrial;400;Guia Pronatec de Cursos FIC, 4ª edição (2016)
308;Intérprete Gestuno;160;Guia Pronatec de Cursos FIC, 4ª edição (2016)
309;Introdução à Interpretação em Língua Brasileira;160;Guia Pronatec de Cursos FIC, 4ª edição (2016)
310;Jardineiro;160;Guia Pronatec de Cursos FIC, 4ª edição (2016)
311;Joalheiro;160;Guia Pronatec de Cursos FIC, 4ª edição (2016)
312;Laboratorista de Materiais de Construção;240;Guia Pronatec de Cursos FIC, 4ª edição (2016)
313;Laborista de Solos;240;Guia Pronatec de Cursos FIC, 4ª edição (2016)
314;Lactarista;160;Guia Pronatec de Cursos FIC, 4ª edição (2016)
315;Laminador de Plástico;160;Guia Pronatec de Cursos FIC, 4ª edição (2016)
316;Laminador e Pintor de Embarcações em Fibra de Vidro;160;Guia Pronatec de Cursos FIC, 4ª edição (2016)
317;Lapidador de Gemas;160;Guia Pronatec de Cursos FIC, 4ª edição (2016)
318;Lavador e Lubrificador de Veículos;160;Guia Pronatec de Cursos FIC, 4ª edição (2016)
319;Língua Brasileira de Sinais (Libras) - Avançado;160;Guia Pronatec de Cursos FIC, 4ª edição (2016)
320;Língua Brasileira de Sinais (Libras) - Básico;160;Guia Pronatec de Cursos FIC, 4ª edição (2016)
321;Língua Brasileira de Sinais (Libras) - Intermediário;160;Guia Pronatec de Cursos FIC, 4ª edição (2016)
322;Língua Portuguesa e Cultura Brasileira;160;Guia Pronatec de Cursos FIC, 4ª edição (2016)
323;Língua Portuguesa e Cultura Brasileira;160;Guia Pronatec de Cursos FIC, 4ª edição (2016)
324;Língua Portuguesa e Cultura Brasileira;160;Guia Pronatec de Cursos FIC, 4ª edição (2016)
325;Língua Portuguesa e Cultura Brasileira;160;Guia Pronatec de Cursos FIC, 4ª edição (2016)
327;Locutor-Apresentador-Animador;200;Guia Pronatec de Cursos FIC, 4ª edição (2016)
328;Lubrificador Industrial;160;Guia Pronatec de Cursos FIC, 4ª edição (2016)
330;Magarefe;200;Guia Pronatec de Cursos FIC, 4ª edição (2016)
331;Manejador de Florestas Nativas para Uso Múltiplo;160;Guia Pronatec de Cursos FIC, 4ª edição (2016)
332;Manicure e Pedicure;160;Guia Pronatec de Cursos FIC, 4ª edição (2016)
333;Manobrador Ferroviário;400;Guia Pronatec de Cursos FIC, 4ª edição (2016)
334;Manobrista de Veículos de Passeio;160;Guia Pronatec de Cursos FIC, 4ª edição (2016)
335;Mantenedor Ferroviário de Via Permanente;400;Guia Pronatec de Cursos FIC, 4ª edição (2016)
336;Mantenedor Mecânico de Locomotivas;400;Guia Pronatec de Cursos FIC, 4ª edição (2016)
338;Maqueiro;160;Guia Pronatec de Cursos FIC, 4ª edição (2016)
339;Maquiador;160;Guia Pronatec de Cursos FIC, 4ª edição (2016)
340;Maquiador Cênico;160;Guia Pronatec de Cursos FIC, 4ª edição (2016)
341;Maquinista;400;Guia Pronatec de Cursos FIC, 4ª edição (2016)
342;Maquinista de Cenário;160;Guia Pronatec de Cursos FIC, 4ª edição (2016)
343;Marceneiro;280;Guia Pronatec de Cursos FIC, 4ª edição (2016)
344;Marcheteiro;160;Guia Pronatec de Cursos FIC, 4ª edição (2016)
345;Marinheiro Fluvial de Convés;350;Guia Pronatec de Cursos FIC, 4ª edição (2016)
346;Marinheiro Fluvial de Máquinas;320;Guia Pronatec de Cursos FIC, 4ª edição (2016)
347;Marisqueiro;160;Guia Pronatec de Cursos FIC, 4ª edição (2016)
348;Marítimo em Embarcações Especiais;160;Guia Pronatec de Cursos FIC, 4ª edição (2016)
349;Massagista;240;Guia Pronatec de Cursos FIC, 4ª edição (2016)
350;Masseiro;160;Guia Pronatec de Cursos FIC, 4ª edição (2016)
352;Mecânico de Aparelhos Esportivos e de Ginástica;300;Guia Pronatec de Cursos FIC, 4ª edição (2016)
353;Mecânico de Ar Condicionado Automotivo;200;Guia Pronatec de Cursos FIC, 4ª edição (2016)
354;Mecânico de Automóveis Leves;360;Guia Pronatec de Cursos FIC, 4ª edição (2016)
355;Mecânico de Bicicleta;160;Guia Pronatec de Cursos FIC, 4ª edição (2016)
356;Mecânico de Bombas Centrífugas;200;Guia Pronatec de Cursos FIC, 4ª edição (2016)
357;Mecânico de Bombas Hidráulicas;160;Guia Pronatec de Cursos FIC, 4ª edição (2016)
358;Mecânico de Equipamentos de Mineração;300;Guia Pronatec de Cursos FIC, 4ª edição (2016)
359;Mecânico de Freios, Suspensão e Direção de Veículos Leves;160;Guia Pronatec de Cursos FIC, 4ª edição (2016)
360;Mecânico de Instrumentos de Precisão;300;Guia Pronatec de Cursos FIC, 4ª edição (2016)
361;Mecânico de Máquinas Agrícolas;160;Guia Pronatec de Cursos FIC, 4ª edição (2016)
362;Mecânico de Máquinas de Calçados;200;Guia Pronatec de Cursos FIC, 4ª edição (2016)
363;Mecânico de Máquinas de Costura;200;Guia Pronatec de Cursos FIC, 4ª edição (2016)
364;Mecânico de Máquinas de Malharia;160;Guia Pronatec de Cursos FIC, 4ª edição (2016)
365;Mecânico de Máquinas de Usinagem;300;Guia Pronatec de Cursos FIC, 4ª edição (2016)
366;Mecânico de Máquinas Gráficas;400;Guia Pronatec de Cursos FIC, 4ª edição (2016)
367;Mecânico de Máquinas Industriais;300;Guia Pronatec de Cursos FIC, 4ª edição (2016)
368;Mecânico de Motocicletas;280;Guia Pronatec de Cursos FIC, 4ª edição (2016)
369;Mecânico de Motores a Diesel;160;Guia Pronatec de Cursos FIC, 4ª edição (2016)
370;Mecânico de Motores Ciclo Otto;160;Guia Pronatec de Cursos FIC, 4ª edição (2016)
371;Mecânico de Motores de Popa;160;Guia Pronatec de Cursos FIC, 4ª edição (2016)
372;Mecânico de Refrigeração e Climatização Comercial;260;Guia Pronatec de Cursos FIC, 4ª edição (2016)
373;Mecânico de Refrigeração e Climatização Industrial;260;Guia Pronatec de Cursos FIC, 4ª edição (2016)
374;Mecânico de Refrigeração e Climatização Residencial;160;Guia Pronatec de Cursos FIC, 4ª edição (2016)
375;Mecânico de Sistemas de Freios, Suspensão e;160;Guia Pronatec de Cursos FIC, 4ª edição (2016)
376;Mecânico de Tear;160;Guia Pronatec de Cursos FIC, 4ª edição (2016)
380;Mecânico de Transporte Metroferroviário;400;Guia Pronatec de Cursos FIC, 4ª edição (2016)
381;Mecânico de Usinagem Convencional;360;Guia Pronatec de Cursos FIC, 4ª edição (2016)
382;Mecânico de Veículos Rodoviários Pesados;400;Guia Pronatec de Cursos FIC, 4ª edição (2016)
383;Meliponicultor;160;Guia Pronatec de Cursos FIC, 4ª edição (2016)
384;Mensageiro;160;Guia Pronatec de Cursos FIC, 4ª edição (2016)
385;Mensageiro em Meio de Hospedagem;160;Guia Pronatec de Cursos FIC, 4ª edição (2016)
386;Mestre de Cerimônias;160;Guia Pronatec de Cursos FIC, 4ª edição (2016)
387;Mestre de Obras;300;Guia Pronatec de Cursos FIC, 4ª edição (2016)
388;Microempreendedor Individual (MEI);160;Guia Pronatec de Cursos FIC, 4ª edição (2016)
389;Modelador de Fundição;200;Guia Pronatec de Cursos FIC, 4ª edição (2016)
390;Modelista de Cabedais de Calçados;160;Guia Pronatec de Cursos FIC, 4ª edição (2016)
391;Modelista de Roupas;160;Guia Pronatec de Cursos FIC, 4ª edição (2016)
392;Modelista e Confeccionador de Protótipos de Bolsas;240;Guia Pronatec de Cursos FIC, 4ª edição (2016)
393;Moldador de Borracha;160;Guia Pronatec de Cursos FIC, 4ª edição (2016)
394;Moldador de Fundição;160;Guia Pronatec de Cursos FIC, 4ª edição (2016)
395;Moldador de Plástico por Compressão;160;Guia Pronatec de Cursos FIC, 4ª edição (2016)
396;Moldador de Plástico por Extrusão;160;Guia Pronatec de Cursos FIC, 4ª edição (2016)
397;Moleiro;160;Guia Pronatec de Cursos FIC, 4ª edição (2016)
398;Monitor de Atividades de Lazer;160;Guia Pronatec de Cursos FIC, 4ª edição (2016)
399;Monitor de Dependência Química;240;Guia Pronatec de Cursos FIC, 4ª edição (2016)
400;Monitor de Sistemas Eletrônico de Segurança;160;Guia Pronatec de Cursos FIC, 4ª edição (2016)
401;Monitor de Transporte Escolar;160;Guia Pronatec de Cursos FIC, 4ª edição (2016)
402;Monitor do Uso e Conservação dos Recursos Hídricos;200;Guia Pronatec de Cursos FIC, 4ª edição (2016)
403;Montador de Andaimes;160;Guia Pronatec de Cursos FIC, 4ª edição (2016)
404;Montador de Equipamentos Eletroeletrônicos;200;Guia Pronatec de Cursos FIC, 4ª edição (2016)
405;Montador de Estruturas Metálicas;200;Guia Pronatec de Cursos FIC, 4ª edição (2016)
406;Montador de Forma;160;Guia Pronatec de Cursos FIC, 4ª edição (2016)
407;Montador de Óculos;200;Guia Pronatec de Cursos FIC, 4ª edição (2016)
408;Montador de Painéis Elétricos;160;Guia Pronatec de Cursos FIC, 4ª edição (2016)
409;Montador de Sistemas de Construção a Seco;160;Guia Pronatec de Cursos FIC, 4ª edição (2016)
410;Montador de Veículos Automotores;200;Guia Pronatec de Cursos FIC, 4ª edição (2016)
411;Montador e Acabador de Calçados;160;Guia Pronatec de Cursos FIC, 4ª edição (2016)
412;Montador e Instalador de Móveis;160;Guia Pronatec de Cursos FIC, 4ª edição (2016)
413;Montador e Reparador de Computadores;160;Guia Pronatec de Cursos FIC, 4ª edição (2016)
414;Montador e Reparador de Sistemas de Rádio AM e FM;200;Guia Pronatec de Cursos FIC, 4ª edição (2016)
415;Montador e Reparador de Sistemas de Rádio Digital;240;Guia Pronatec de Cursos FIC, 4ª edição (2016)
416;Montador e Reparador de Sistemas de TV Digital;240;Guia Pronatec de Cursos FIC, 4ª edição (2016)
417;Motorista de Transporte de Carga;220;Guia Pronatec de Cursos FIC, 4ª edição (2016)
419;Motorista de Transporte de Carga Viva;160;Guia Pronatec de Cursos FIC, 4ª edição (2016)
420;Motorista de Transporte de Lixo Urbano;160;Guia Pronatec de Cursos FIC, 4ª edição (2016)
421;Motorista de Transporte de Passageiros;160;Guia Pronatec de Cursos FIC, 4ª edição (2016)
422;Motorista de Transporte de Produtos Perigosos;280;Guia Pronatec de Cursos FIC, 4ª edição (2016)
423;Motorista de Transporte Escolar;160;Guia Pronatec de Cursos FIC, 4ª edição (2016)
424;Músico de Banda;200;Guia Pronatec de Cursos FIC, 4ª edição (2016)
425;Músico de Orquestra;160;Guia Pronatec de Cursos FIC, 4ª edição (2016)
426;Oleiro;160;Guia Pronatec de Cursos FIC, 4ª edição (2016)
428;Operador de Acabamento (Indústria Gráfica);160;Guia Pronatec de Cursos FIC, 4ª edição (2016)
429;Operador de Acabamento Cartotécnico;200;Guia Pronatec de Cursos FIC, 4ª edição (2016)
430;Operador de Acabamento de Peças Fundidas;160;Guia Pronatec de Cursos FIC, 4ª edição (2016)
431;Operador de Acabamento Editorial;160;Guia Pronatec de Cursos FIC, 4ª edição (2016)
432;Operador de Aterro Sanitário de Resíduos Sólidos Urbanos;200;Guia Pronatec de Cursos FIC, 4ª edição (2016)
433;Operador de Beneficiamento de Café;200;Guia Pronatec de Cursos FIC, 4ª edição (2016)
434;Operador de Beneficiamento de Pescado;200;Guia Pronatec de Cursos FIC, 4ª edição (2016)
435;Operador de CAD para Calçados;160;Guia Pronatec de Cursos FIC, 4ª edição (2016)
436;Operador de Caixa;160;Guia Pronatec de Cursos FIC, 4ª edição (2016)
437;Operador de Câmera;250;Guia Pronatec de Cursos FIC, 4ª edição (2016)
438;Operador de Carregador de Correia Espiral;160;Guia Pronatec de Cursos FIC, 4ª edição (2016)
439;Operador de Cavalo Mecânico e Hidráulico;160;Guia Pronatec de Cursos FIC, 4ª edição (2016)
440;Operador de Computador;160;Guia Pronatec de Cursos FIC, 4ª edição (2016)
441;Operador de Editoração Eletrônica;160;Guia Pronatec de Cursos FIC, 4ª edição (2016)
442;Operador de Elevador de Cargas;240;Guia Pronatec de Cursos FIC, 4ª edição (2016)
443;Operador de Empilhadeira;160;Guia Pronatec de Cursos FIC, 4ª edição (2016)
444;Operador de Ensaios Não Destrutivos;160;Guia Pronatec de Cursos FIC, 4ª edição (2016)
445;Operador de Equipamento de Guindar;160;Guia Pronatec de Cursos FIC, 4ª edição (2016)
446;Operador de Equipamentos de Mina;300;Guia Pronatec de Cursos FIC, 4ª edição (2016)
447;Operador de Escavadeira Hidráulica;160;Guia Pronatec de Cursos FIC, 4ª edição (2016)
448;Operador de Explosivos em Jazidas;160;Guia Pronatec de Cursos FIC, 4ª edição (2016)
449;Operador de Filtro-Prensa;160;Guia Pronatec de Cursos FIC, 4ª edição (2016)
450;Operador de Forno de Fundição;160;Guia Pronatec de Cursos FIC, 4ª edição (2016)
451;Operador de Forno de Tratamento Térmico;160;Guia Pronatec de Cursos FIC, 4ª edição (2016)
452;Operador de Fornos de Fusão;200;Guia Pronatec de Cursos FIC, 4ª edição (2016)
453;Operador de Fresadora com Comando;200;Guia Pronatec de Cursos FIC, 4ª edição (2016)
454;Operador de Galvanoplastia;160;Guia Pronatec de Cursos FIC, 4ª edição (2016)
455;Operador de Gravação e Edição de Áudio;240;Guia Pronatec de Cursos FIC, 4ª edição (2016)
456;Operador de Guilhotina (Corte de Papel);160;Guia Pronatec de Cursos FIC, 4ª edição (2016)
457;Operador de Injetora e Extrusora de Plástico;160;Guia Pronatec de Cursos FIC, 4ª edição (2016)
458;Operador de Injetores para Termoplásticos;160;Guia Pronatec de Cursos FIC, 4ª edição (2016)
459;Operador de Manobra;380;Guia Pronatec de Cursos FIC, 4ª edição (2016)
460;Operador de Máquina de Prova Rotográfica;160;Guia Pronatec de Cursos FIC, 4ª edição (2016)
461;Operador de Máquina Injetora para Fundição de Precisão;160;Guia Pronatec de Cursos FIC, 4ª edição (2016)
462;Operador de Máquina Perfuratriz;220;Guia Pronatec de Cursos FIC, 4ª edição (2016)
463;Operador de Máquinas com Comando Numérico;160;Guia Pronatec de Cursos FIC, 4ª edição (2016)
464;Operador de Máquinas de Fiar e Enrolamento;160;Guia Pronatec de Cursos FIC, 4ª edição (2016)
465;Operador de Máquinas de Linha de Abertura, Cardas e;160;Guia Pronatec de Cursos FIC, 4ª edição (2016)
466;Operador de Máquinas de Marcenaria;160;Guia Pronatec de Cursos FIC, 4ª edição (2016)
467;Operador de Máquinas de Produção de Massas Alimentícias;200;Guia Pronatec de Cursos FIC, 4ª edição (2016)
468;Operador de Máquinas de Teciamento Processo Urdume;160;Guia Pronatec de Cursos FIC, 4ª edição (2016)
469;Operador de Máquinas de Utilização de Celulose;200;Guia Pronatec de Cursos FIC, 4ª edição (2016)
470;Operador de Máquinas e Implementos Agrícolas;160;Guia Pronatec de Cursos FIC, 4ª edição (2016)
471;Operador de Máquinas Florestais;200;Guia Pronatec de Cursos FIC, 4ª edição (2016)
472;Operador de Máquinas para Transformação de Borracha;160;Guia Pronatec de Cursos FIC, 4ª edição (2016)
473;Operador de Mina;160;Guia Pronatec de Cursos FIC, 4ª edição (2016)
474;Operador de Minicarregadeira;240;Guia Pronatec de Cursos FIC, 4ª edição (2016)
475;Operador de Motoniveladora;160;Guia Pronatec de Cursos FIC, 4ª edição (2016)
476;Operador de Motosserra;160;Guia Pronatec de Cursos FIC, 4ª edição (2016)
477;Operador de Movimentação de Cargas;260;Guia Pronatec de Cursos FIC, 4ª edição (2016)
478;Operador de Pá Carregadeira;160;Guia Pronatec de Cursos FIC, 4ª edição (2016)
479;Operador de Paleteira Elétrica;160;Guia Pronatec de Cursos FIC, 4ª edição (2016)
480;Operador de Plataforma Elevatória;240;Guia Pronatec de Cursos FIC, 4ª edição (2016)
481;Operador de Pontes Rolantes;160;Guia Pronatec de Cursos FIC, 4ª edição (2016)
482;Operador de Processamento de Bebidas;360;Guia Pronatec de Cursos FIC, 4ª edição (2016)
483;Operador de Processamento de Frutas e Hortaliças;270;Guia Pronatec de Cursos FIC, 4ª edição (2016)
484;Operador de Processamento de Grãos e Cereais;270;Guia Pronatec de Cursos FIC, 4ª edição (2016)
485;Operador de Processamento de Pescado;400;Guia Pronatec de Cursos FIC, 4ª edição (2016)
486;Operador de Processo em Fabricação de Papel;240;Guia Pronatec de Cursos FIC, 4ª edição (2016)
488;Operador de Processos da Indústria Têxtil;160;Guia Pronatec de Cursos FIC, 4ª edição (2016)
489;Operador de Processos de Acabamento em;160;Guia Pronatec de Cursos FIC, 4ª edição (2016)
490;Operador de Processos de Estamparia para Joias;160;Guia Pronatec de Cursos FIC, 4ª edição (2016)
491;Operador de Processos de Fabricação de Refratário;160;Guia Pronatec de Cursos FIC, 4ª edição (2016)
492;Operador de Processos de Produção de Carnes e Derivados;390;Guia Pronatec de Cursos FIC, 4ª edição (2016)
493;Operador de Processos Químicos e Petroquímicos;400;Guia Pronatec de Cursos FIC, 4ª edição (2016)
494;Operador de Processos Químicos em Mineração;160;Guia Pronatec de Cursos FIC, 4ª edição (2016)
495;Operador de Processos Químicos Industriais;300;Guia Pronatec de Cursos FIC, 4ª edição (2016)
496;Operador de Produção de Fármacos e Medicamentos;400;Guia Pronatec de Cursos FIC, 4ª edição (2016)
497;Operador de Produção de Vidraria e Decoração;160;Guia Pronatec de Cursos FIC, 4ª edição (2016)
498;Operador de Produção em Unidade de;160;Guia Pronatec de Cursos FIC, 4ª edição (2016)
499;Operador de Rama;160;Guia Pronatec de Cursos FIC, 4ª edição (2016)
501;Operador de Retroescavadeira;160;Guia Pronatec de Cursos FIC, 4ª edição (2016)
502;Operador de Rolo Compactador e Rolo de Pneus;160;Guia Pronatec de Cursos FIC, 4ª edição (2016)
503;Operador de Sistema de Combustível;160;Guia Pronatec de Cursos FIC, 4ª edição (2016)
504;Operador de Sistemas de Irrigação;160;Guia Pronatec de Cursos FIC, 4ª edição (2016)
505;Operador de Solda por Arco Submerso;160;Guia Pronatec de Cursos FIC, 4ª edição (2016)
506;Operador de Sonda de Perfuração;200;Guia Pronatec de Cursos FIC, 4ª edição (2016)
507;Operador de Sugador de Granéis Sólidos;160;Guia Pronatec de Cursos FIC, 4ª edição (2016)
508;Operador de Supermercados;160;Guia Pronatec de Cursos FIC, 4ª edição (2016)
509;Operador de Telemarketing;160;Guia Pronatec de Cursos FIC, 4ª edição (2016)
510;Operador de Terminais Portuários;160;Guia Pronatec de Cursos FIC, 4ª edição (2016)
512;Operador de Tratamento de Águas e Efluentes;160;Guia Pronatec de Cursos FIC, 4ª edição (2016)
513;Operador de Tratamento de Resíduos Sólidos;160;Guia Pronatec de Cursos FIC, 4ª edição (2016)
514;Operador de Trator de Pneu;160;Guia Pronatec de Cursos FIC, 4ª edição (2016)
515;Operador de Tratores;160;Guia Pronatec de Cursos FIC, 4ª edição (2016)
516;Operador de Urdideiras - Tecidos Planos;160;Guia Pronatec de Cursos FIC, 4ª edição (2016)
517;Operador de Usina de Compostagem;160;Guia Pronatec de Cursos FIC, 4ª edição (2016)
518;Operador de Usina e Subestação Agregada;200;Guia Pronatec de Cursos FIC, 4ª edição (2016)
519;Operador e Programador de Sistemas Automatizados;160;Guia Pronatec de Cursos FIC, 4ª edição (2016)
520;Operador em Petróleo e Gás;260;Guia Pronatec de Cursos FIC, 4ª edição (2016)
522;Ourives;200;Guia Pronatec de Cursos FIC, 4ª edição (2016)
523;Ovinocultor;200;Guia Pronatec de Cursos FIC, 4ª edição (2016)
524;Padeiro;200;Guia Pronatec de Cursos FIC, 4ª edição (2016)
525;Pedreiro de Alvenaria;200;Guia Pronatec de Cursos FIC, 4ª edição (2016)
526;Pedreiro de Alvenaria Estrutural;160;Guia Pronatec de Cursos FIC, 4ª edição (2016)
527;Pedreiro de Refratário;160;Guia Pronatec de Cursos FIC, 4ª edição (2016)
528;Pedreiro de Revestimentos em Argamassa;160;Guia Pronatec de Cursos FIC, 4ª edição (2016)
529;Pescador Profissional Especializado - PEP;360;Guia Pronatec de Cursos FIC, 4ª edição (2016)
530;Pescador Profissional - POP;160;Guia Pronatec de Cursos FIC, 4ª edição (2016)
531;Pintor de Automóveis;160;Guia Pronatec de Cursos FIC, 4ª edição (2016)
532;Pintor de Móveis;160;Guia Pronatec de Cursos FIC, 4ª edição (2016)
534;Pintor Industrial;160;Guia Pronatec de Cursos FIC, 4ª edição (2016)
535;Pintor Restaurador;300;Guia Pronatec de Cursos FIC, 4ª edição (2016)
536;Piscicultor;160;Guia Pronatec de Cursos FIC, 4ª edição (2016)
537;Pizzaiolo;160;Guia Pronatec de Cursos FIC, 4ª edição (2016)
538;Plataformista;400;Guia Pronatec de Cursos FIC, 4ª edição (2016)
540;Porteiro e Vigia;160;Guia Pronatec de Cursos FIC, 4ª edição (2016)
541;Pós-produtor de Animação;200;Guia Pronatec de Cursos FIC, 4ª edição (2016)
542;Preparador de Doces e Conservas;200;Guia Pronatec de Cursos FIC, 4ª edição (2016)
543;Preparador de Pescado;200;Guia Pronatec de Cursos FIC, 4ª edição (2016)
544;Preparador de Pintura de Móveis e Esquadrias de Madeira;160;Guia Pronatec de Cursos FIC, 4ª edição (2016)
545;Produtor Agrícola Familiar nas Culturas de Milho e Sorgo;160;Guia Pronatec de Cursos FIC, 4ª edição (2016)
546;Produtor Agropecuário;250;Guia Pronatec de Cursos FIC, 4ª edição (2016)
547;Produtor de Bebidas Alcoólicas;200;Guia Pronatec de Cursos FIC, 4ª edição (2016)
548;Produtor de Bebidas Não-alcoólicas;200;Guia Pronatec de Cursos FIC, 4ª edição (2016)
549;Produtor de Cachaça;200;Guia Pronatec de Cursos FIC, 4ª edição (2016)
550;Produtor de Carnes Exóticas;200;Guia Pronatec de Cursos FIC, 4ª edição (2016)
551;Produtor de Cerveja;200;Guia Pronatec de Cursos FIC, 4ª edição (2016)
552;Produtor de Derivados do Leite;160;Guia Pronatec de Cursos FIC, 4ª edição (2016)
553;Produtor de Doce de Leite;160;Guia Pronatec de Cursos FIC, 4ª edição (2016)
554;Produtor de Embutidos e Defumados;160;Guia Pronatec de Cursos FIC, 4ª edição (2016)
555;Produtor de Frutas e Hortaliças Processadas;160;Guia Pronatec de Cursos FIC, 4ª edição (2016)
556;Produtor de Frutas e Hortaliças Processadas;160;Guia Pronatec de Cursos FIC, 4ª edição (2016)
557;Produtor de Frutas e Hortaliças Processadas;160;Guia Pronatec de Cursos FIC, 4ª edição (2016)
558;Produtor de Frutas, Hortaliças e Plantas Aromáticas;160;Guia Pronatec de Cursos FIC, 4ª edição (2016)
559;Produtor de Hortaliças e Plantas Aromáticas Processadas;200;Guia Pronatec de Cursos FIC, 4ª edição (2016)
560;Produtor de Iogurte;160;Guia Pronatec de Cursos FIC, 4ª edição (2016)
561;Produtor de Leite Pasteurizado;160;Guia Pronatec de Cursos FIC, 4ª edição (2016)
562;Produtor de Licores;200;Guia Pronatec de Cursos FIC, 4ª edição (2016)
563;Produtor de Mandioca;160;Guia Pronatec de Cursos FIC, 4ª edição (2016)
564;Produtor de Manteiga;200;Guia Pronatec de Cursos FIC, 4ª edição (2016)
565;Produtor de Olerícolas;200;Guia Pronatec de Cursos FIC, 4ª edição (2016)
566;Produtor de Plantas Aromáticas e Medicinais;200;Guia Pronatec de Cursos FIC, 4ª edição (2016)
567;Produtor de Produtos Apícolas;160;Guia Pronatec de Cursos FIC, 4ª edição (2016)
568;Produtor de Queijo;200;Guia Pronatec de Cursos FIC, 4ª edição (2016)
569;Produtor de Vinhos e Derivados da Uva;200;Guia Pronatec de Cursos FIC, 4ª edição (2016)
570;Produtor Familiar de Cana-de-Açúcar;160;Guia Pronatec de Cursos FIC, 4ª edição (2016)
571;Programador de Dispositivos Móveis;200;Guia Pronatec de Cursos FIC, 4ª edição (2016)
572;Programador de Sistemas;200;Guia Pronatec de Cursos FIC, 4ª edição (2016)
573;Programador Web;200;Guia Pronatec de Cursos FIC, 4ª edição (2016)
574;Projecionista Cinematográfico;160;Guia Pronatec de Cursos FIC, 4ª edição (2016)
575;Projetista de Móveis;220;Guia Pronatec de Cursos FIC, 4ª edição (2016)
576;Promotor de Vendas;160;Guia Pronatec de Cursos FIC, 4ª edição (2016)
577;Recepcionista;160;Guia Pronatec de Cursos FIC, 4ª edição (2016)
578;Recepcionista de Eventos;160;Guia Pronatec de Cursos FIC, 4ª edição (2016)
579;Recepcionista em Serviços de Saúde;240;Guia Pronatec de Cursos FIC, 4ª edição (2016)
580;Reciclador;200;Guia Pronatec de Cursos FIC, 4ª edição (2016)
581;Recreador;160;Guia Pronatec de Cursos FIC, 4ª edição (2016)
582;Recreador Cultural;160;Guia Pronatec de Cursos FIC, 4ª edição (2016)
583;Redeiro de Pesca;200;Guia Pronatec de Cursos FIC, 4ª edição (2016)
584;Reformador de Móveis;160;Guia Pronatec de Cursos FIC, 4ª edição (2016)
585;Regente de Banda;200;Guia Pronatec de Cursos FIC, 4ª edição (2016)
586;Regente de Coral;200;Guia Pronatec de Cursos FIC, 4ª edição (2016)
587;Remetedor-Engrupador;160;Guia Pronatec de Cursos FIC, 4ª edição (2016)
588;Reparador de Circuitos Eletrônicos;280;Guia Pronatec de Cursos FIC, 4ª edição (2016)
589;Reparador de Eletrodomésticos;160;Guia Pronatec de Cursos FIC, 4ª edição (2016)
590;Representante Comercial;160;Guia Pronatec de Cursos FIC, 4ª edição (2016)
591;Retificador Mecânico;160;Guia Pronatec de Cursos FIC, 4ª edição (2016)
592;Revisor de Tecidos;160;Guia Pronatec de Cursos FIC, 4ª edição (2016)
593;Revitalizador de Alvenarias;160;Guia Pronatec de Cursos FIC, 4ª edição (2016)
594;Revitalizador de Coberturas de Madeira;160;Guia Pronatec de Cursos FIC, 4ª edição (2016)
595;Revitalizador de Coberturas Metálicas;160;Guia Pronatec de Cursos FIC, 4ª edição (2016)
596;Revitalizador de Estruturas de Madeira;160;Guia Pronatec de Cursos FIC, 4ª edição (2016)
597;Revitalizador de Estruturas, Elementos e;160;Guia Pronatec de Cursos FIC, 4ª edição (2016)
598;Revitalizador de Pisos Cerâmicos;200;Guia Pronatec de Cursos FIC, 4ª edição (2016)
599;Revitalizador de Revestimentos Argamassados;160;Guia Pronatec de Cursos FIC, 4ª edição (2016)
600;Salgadeiro;160;Guia Pronatec de Cursos FIC, 4ª edição (2016)
601;Serígrafo;160;Guia Pronatec de Cursos FIC, 4ª edição (2016)
602;Serralheiro de Alumínio;160;Guia Pronatec de Cursos FIC, 4ª edição (2016)
603;Serralheiro de Materiais Ferrosos;160;Guia Pronatec de Cursos FIC, 4ª edição (2016)
604;Shiatsuterapeuta;240;Guia Pronatec de Cursos FIC, 4ª edição (2016)
605;Sistema Internacional de Língua de Sinais;160;Guia Pronatec de Cursos FIC, 4ª edição (2016)
606;Soldador de Arame Tubular Naval;300;Guia Pronatec de Cursos FIC, 4ª edição (2016)
607;Soldador de Estruturas e Tubulação em Aço;290;Guia Pronatec de Cursos FIC, 4ª edição (2016)
608;Soldador de Estruturas e Tubulação no Processo MIG/MAG;290;Guia Pronatec de Cursos FIC, 4ª edição (2016)
609;Soldador Eletrodo Revestido Naval;300;Guia Pronatec de Cursos FIC, 4ª edição (2016)
610;Soldador MAG Naval;300;Guia Pronatec de Cursos FIC, 4ª edição (2016)
611;Soldador no Processo Arame Tubular em Aço;160;Guia Pronatec de Cursos FIC, 4ª edição (2016)
612;Soldador no Processo Eletrodo Revestido Aço;160;Guia Pronatec de Cursos FIC, 4ª edição (2016)
613;Soldador no Processo TIG;160;Guia Pronatec de Cursos FIC, 4ª edição (2016)
614;Soldador Oxiacetilênico;160;Guia Pronatec de Cursos FIC, 4ª edição (2016)
615;Soldador TIG Naval;300;Guia Pronatec de Cursos FIC, 4ª edição (2016)
616;Sommelier;200;Guia Pronatec de Cursos FIC, 4ª edição (2016)
617;Sondador;160;Guia Pronatec de Cursos FIC, 4ª edição (2016)
618;Sonoplasta;200;Guia Pronatec de Cursos FIC, 4ª edição (2016)
619;Sorveteiro;200;Guia Pronatec de Cursos FIC, 4ª edição (2016)
620;Suinocultor;200;Guia Pronatec de Cursos FIC, 4ª edição (2016)
621;Supervisor de Transportes Terrestres;240;Guia Pronatec de Cursos FIC, 4ª edição (2016)
622;Sushiman;160;Guia Pronatec de Cursos FIC, 4ª edição (2016)
623;Talhador de Tecidos;160;Guia Pronatec de Cursos FIC, 4ª edição (2016)
624;Tapeceiro de Automóveis;160;Guia Pronatec de Cursos FIC, 4ª edição (2016)
625;Tecelão;160;Guia Pronatec de Cursos FIC, 4ª edição (2016)
626;Tecelão de Malhas;160;Guia Pronatec de Cursos FIC, 4ª edição (2016)
627;Tecelão de Malhas em Máquinas Circulares;160;Guia Pronatec de Cursos FIC, 4ª edição (2016)
628;Tecelão de Malhas em Máquinas Retilíneas;160;Guia Pronatec de Cursos FIC, 4ª edição (2016)
629;Tecelão de Tecidos Planos;160;Guia Pronatec de Cursos FIC, 4ª edição (2016)
630;Torneiro Mecânico;160;Guia Pronatec de Cursos FIC, 4ª edição (2016)
631;Trabalhador Doméstico;160;Guia Pronatec de Cursos FIC, 4ª edição (2016)
632;Trabalhador Polivalente do Curtimento de Couros e Peles;300;Guia Pronatec de Cursos FIC, 4ª edição (2016)
633;Tradutor e Elaborador de Legendas;220;Guia Pronatec de Cursos FIC, 4ª edição (2016)
634;Tratador de Piscinas;160;Guia Pronatec de Cursos FIC, 4ª edição (2016)
635;Tratorista Agrícola;200;Guia Pronatec de Cursos FIC, 4ª edição (2016)
636;Urdidor de Malharia;160;Guia Pronatec de Cursos FIC, 4ª edição (2016)
637;Vendedor;160;Guia Pronatec de Cursos FIC, 4ª edição (2016)
638;Vendedor de Produtos e Serviços Ópticos;240;Guia Pronatec de Cursos FIC, 4ª edição (2016)
639;Vidraceiro;160;Guia Pronatec de Cursos FIC, 4ª edição (2016)
640;Vidreiro;160;Guia Pronatec de Cursos FIC, 4ª edição (2016)
641;Vigia de Embarcação;160;Guia Pronatec de Cursos FIC, 4ª edição (2016)
642;Vigilante;200;Guia Pronatec de Cursos FIC, 4ª edição (2016)
643;Vitrinista;160;Guia Pronatec de Cursos FIC, 4ª edição (2016)
644;Viveiricultor;160;Guia Pronatec de Cursos FIC, 4ª edição (2016)
645;Vulcanizador de Correias Transportadoras;200;Guia Pronatec de Cursos FIC, 4ª edição (2016)
646;Zelador;160;Guia Pronatec de Cursos FIC, 4ª edição (2016)
