TipoCurso;EixoTecnologico;Curso;FEC
Educação Infantil;Propedêutico;Propedêutico - Educação Infantil-Pré-escola;2.000
Ensino Fundamental I;Propedêutico;Propedêutico - Ensino Fundamental- Anos Iniciais;1.500
Ensino Fundamental II;Propedêutico;Propedêutico - Ensino Fundamental-Anos finais;1.067
Ensino Médio;Propedêutico;Propedêutico - Ensino Médio;1.067
QUALIFICAÇÃO PROFISSIONAL;"""TODOS""";"""TODOS""";1.100
TÉCNICO;AMBIENTE E SAÚDE;TÉCNICO EM AGENTE COMUNITÁRIO DE SAÚDE;1.017
TÉCNICO;AMBIENTE E SAÚDE;TÉCNICO EM ANÁLISES CLÍNICAS;1.500
TÉCNICO;AMBIENTE E SAÚDE;TÉCNICO EM BIOTECNOLOGIA;1.053
TÉCNICO;AMBIENTE E SAÚDE;TÉCNICO EM CITOPATOLOGIA;1.200
TÉCNICO;AMBIENTE E SAÚDE;TÉCNICO EM CONTROLE AMBIENTAL;1.049
TÉCNICO;AMBIENTE E SAÚDE;TÉCNICO EM CUIDADOS DE IDOSOS;1.098
TÉCNICO;AMBIENTE E SAÚDE;TÉCNICO EM ENFERMAGEM;1.500
TÉCNICO;AMBIENTE E SAÚDE;TÉCNICO EM EQUIPAMENTOS BIOMÉDICOS;1.117
TÉCNICO;AMBIENTE E SAÚDE;TÉCNICO EM ESTÉTICA;1.333
TÉCNICO;AMBIENTE E SAÚDE;TÉCNICO EM FARMÁCIA;1.097
TÉCNICO;AMBIENTE E SAÚDE;TÉCNICO EM GERÊNCIA DE SAÚDE;1.000
TÉCNICO;AMBIENTE E SAÚDE;TÉCNICO EM HEMOTERAPIA;1.200
TÉCNICO;AMBIENTE E SAÚDE;TÉCNICO EM IMAGEM PESSOAL;1.200
TÉCNICO;AMBIENTE E SAÚDE;TÉCNICO EM IMOBILIZAÇÕES ORTOPÉDICAS;1.300
TÉCNICO;AMBIENTE E SAÚDE;TÉCNICO EM MASSOTERAPIA;1.500
TÉCNICO;AMBIENTE E SAÚDE;TÉCNICO EM MEIO AMBIENTE;1.020
TÉCNICO;AMBIENTE E SAÚDE;TÉCNICO EM METEOROLOGIA;1.000
TÉCNICO;AMBIENTE E SAÚDE;TÉCNICO EM NECROPSIA;1.200
TÉCNICO;AMBIENTE E SAÚDE;TÉCNICO EM NUTRIÇÃO E DIETÉTICA;1.266
TÉCNICO;AMBIENTE E SAÚDE;TÉCNICO EM ÓPTICA;1.100
TÉCNICO;AMBIENTE E SAÚDE;TÉCNICO EM ÓRTESES E PRÓTESES;1.100
TÉCNICO;AMBIENTE E SAÚDE;TÉCNICO EM PODOLOGIA;1.100
TÉCNICO;AMBIENTE E SAÚDE;TÉCNICO EM PRÓTESE DENTÁRIA;1.500
TÉCNICO;AMBIENTE E SAÚDE;TÉCNICO EM RADIOLOGIA;1.100
TÉCNICO;AMBIENTE E SAÚDE;TÉCNICO EM REABILITAÇÃO DE DEPENDENTES QUÍMICOS;1.200
TÉCNICO;AMBIENTE E SAÚDE;TÉCNICO EM RECICLAGEM;1.000
TÉCNICO;AMBIENTE E SAÚDE;TÉCNICO EM REGISTROS E INFORMAÇÕES EM SAÚDE;1.500
TÉCNICO;AMBIENTE E SAÚDE;TÉCNICO EM SAÚDE BUCAL;1.500
TÉCNICO;AMBIENTE E SAÚDE;TÉCNICO EM VIGILÂNCIA EM SAÚDE;1.151
TÉCNICO;CONTROLE E PROCESSOS INDUSTRIAIS;TÉCNICO EM AUTOMAÇÃO INDUSTRIAL;1.183
TÉCNICO;CONTROLE E PROCESSOS INDUSTRIAIS;TÉCNICO EM ELETROELETRÔNICA;1.148
TÉCNICO;CONTROLE E PROCESSOS INDUSTRIAIS;TÉCNICO EM ELETROMECÂNICA;1.146
TÉCNICO;CONTROLE E PROCESSOS INDUSTRIAIS;TÉCNICO EM ELETRÔNICA;1.164
TÉCNICO;CONTROLE E PROCESSOS INDUSTRIAIS;TÉCNICO EM ELETROTÉCNICA;1.120
TÉCNICO;CONTROLE E PROCESSOS INDUSTRIAIS;TÉCNICO EM MANUTENÇÃO AUTOMOTIVA;1.352
TÉCNICO;CONTROLE E PROCESSOS INDUSTRIAIS;TÉCNICO EM MANUTENÇÃO DE AERONAVES EM AVIÔNICOS;1.352
TÉCNICO;CONTROLE E PROCESSOS INDUSTRIAIS;TÉCNICO EM MANUTENÇÃO DE AERONAVES EM CÉLULA;1.352
TÉCNICO;CONTROLE E PROCESSOS INDUSTRIAIS;TÉCNICO EM MANUTENÇÃO DE AERONAVES EM GRUPO MOTOPROPULSOR;1.270
TÉCNICO;CONTROLE E PROCESSOS INDUSTRIAIS;TÉCNICO EM MANUTENÇÃO DE MÁQUINAS INDUSTRIAIS;1.270
TÉCNICO;CONTROLE E PROCESSOS INDUSTRIAIS;TÉCNICO EM MANUTENÇÃO DE MÁQUINAS NAVAIS;1.270
TÉCNICO;CONTROLE E PROCESSOS INDUSTRIAIS;TÉCNICO EM MANUTENÇÃO DE SISTEMAS METROFERROVIÁRIOS;1.352
TÉCNICO;CONTROLE E PROCESSOS INDUSTRIAIS;TÉCNICO EM MANUTENÇÃO EM MÁQUINAS PESADAS;1.352
TÉCNICO;CONTROLE E PROCESSOS INDUSTRIAIS;TÉCNICO EM MANUTENÇÃO METROFERROVIÁRIA;1.270
TÉCNICO;CONTROLE E PROCESSOS INDUSTRIAIS;TÉCNICO EM MÁQUINAS NAVAIS;1.270
TÉCNICO;CONTROLE E PROCESSOS INDUSTRIAIS;TÉCNICO EM MECÂNICA;1.247
TÉCNICO;CONTROLE E PROCESSOS INDUSTRIAIS;TÉCNICO EM MECÂNICA DE PRECISÃO;1.270
TÉCNICO;CONTROLE E PROCESSOS INDUSTRIAIS;TÉCNICO EM MECATRÔNICA;1.247
TÉCNICO;CONTROLE E PROCESSOS INDUSTRIAIS;TÉCNICO EM METALURGIA;1.081
TÉCNICO;CONTROLE E PROCESSOS INDUSTRIAIS;TÉCNICO EM METROLOGIA;1.270
TÉCNICO;CONTROLE E PROCESSOS INDUSTRIAIS;TÉCNICO EM PROCESSAMENTO DA MADEIRA;1.270
TÉCNICO;CONTROLE E PROCESSOS INDUSTRIAIS;TÉCNICO EM REFRIGERAÇÃO E CLIMATIZAÇÃO;1.105
TÉCNICO;CONTROLE E PROCESSOS INDUSTRIAIS;TÉCNICO EM SISTEMAS A GÁS;1.270
TÉCNICO;CONTROLE E PROCESSOS INDUSTRIAIS;TÉCNICO EM SISTEMAS DE ENERGIA RENOVÁVEL;1.029
TÉCNICO;CONTROLE E PROCESSOS INDUSTRIAIS;TÉCNICO EM SOLDAGEM;1.270
TÉCNICO;DESENVOLVIMENTO EDUCACIONAL E SOCIAL;TÉCNICO EM ALIMENTAÇÃO ESCOLAR;1.000
TÉCNICO;DESENVOLVIMENTO EDUCACIONAL E SOCIAL;TÉCNICO EM BIBLIOTECA;1.000
TÉCNICO;DESENVOLVIMENTO EDUCACIONAL E SOCIAL;TÉCNICO EM BIBLIOTECONOMIA;1.000
TÉCNICO;DESENVOLVIMENTO EDUCACIONAL E SOCIAL;TÉCNICO EM INFRAESTRUTURA ESCOLAR;1.000
TÉCNICO;DESENVOLVIMENTO EDUCACIONAL E SOCIAL;TÉCNICO EM LABORATÓRIO DE CIÊNCIAS DA NATUREZA;1.050
TÉCNICO;DESENVOLVIMENTO EDUCACIONAL E SOCIAL;TÉCNICO EM LUDOTECA;1.000
TÉCNICO;DESENVOLVIMENTO EDUCACIONAL E SOCIAL;TÉCNICO EM MATERIAIS DIDÁTICOS BILÍNGUE (LIBRAS/PORTUGUÊS);1.300
TÉCNICO;DESENVOLVIMENTO EDUCACIONAL E SOCIAL;TÉCNICO EM MULTIMEIOS DIDÁTICOS;1.000
TÉCNICO;DESENVOLVIMENTO EDUCACIONAL E SOCIAL;TÉCNICO EM ORIENTAÇÃO COMUNITÁRIA;1.000
TÉCNICO;DESENVOLVIMENTO EDUCACIONAL E SOCIAL;TÉCNICO EM PRODUÇÃO DE MATERIAIS DIDÁTICOS BILÍNGUES EM L IBRAS/LÍNGUA PORTUGUESA;1.000
TÉCNICO;DESENVOLVIMENTO EDUCACIONAL E SOCIAL;TÉCNICO EM SECRETARIA ESCOLAR;1.000
TÉCNICO;DESENVOLVIMENTO EDUCACIONAL E SOCIAL;TÉCNICO EM TRADUÇÃO E INTERPRETAÇÃO DE LIBRAS;1.009
TÉCNICO;DESENVOLVIMENTO EDUCACIONAL E SOCIAL;TÉCNICO EM TREINAMENTO DE CÃES-GUIA;1.300
TÉCNICO;DESENVOLVIMENTO EDUCACIONAL E SOCIAL;TÉCNICO EM TREINAMENTO E INSTRUÇÃO DE CÃES-GUIAS;1.300
TÉCNICO;GESTÃO E NEGÓCIOS;TÉCNICO EM ADMINISTRAÇÃO;1.008
TÉCNICO;GESTÃO E NEGÓCIOS;TÉCNICO EM COMÉRCIO;1.008
TÉCNICO;GESTÃO E NEGÓCIOS;TÉCNICO EM COMÉRCIO EXTERIOR;1.000
TÉCNICO;GESTÃO E NEGÓCIOS;TÉCNICO EM CONDOMÍNIO;1.000
TÉCNICO;GESTÃO E NEGÓCIOS;TÉCNICO EM CONTABILIDADE;1.000
TÉCNICO;GESTÃO E NEGÓCIOS;TÉCNICO EM COOPERATIVISMO;1.000
TÉCNICO;GESTÃO E NEGÓCIOS;TÉCNICO EM FINANÇAS;1.000
TÉCNICO;GESTÃO E NEGÓCIOS;TÉCNICO EM LOGÍSTICA;1.005
TÉCNICO;GESTÃO E NEGÓCIOS;TÉCNICO EM MARKETING;1.000
TÉCNICO;GESTÃO E NEGÓCIOS;TÉCNICO EM QUALIDADE;1.002
TÉCNICO;GESTÃO E NEGÓCIOS;TÉCNICO EM RECURSOS HUMANOS;1.000
TÉCNICO;GESTÃO E NEGÓCIOS;TÉCNICO EM SECRETARIADO;1.014
TÉCNICO;GESTÃO E NEGÓCIOS;TÉCNICO EM SEGUROS;1.000
TÉCNICO;GESTÃO E NEGÓCIOS;TÉCNICO EM SERVIÇOS DE CONDOMÍNIO;1.000
TÉCNICO;GESTÃO E NEGÓCIOS;TÉCNICO EM SERVIÇOS JURÍDICOS;1.003
TÉCNICO;GESTÃO E NEGÓCIOS;TÉCNICO EM SERVIÇOS PÚBLICOS;1.003
TÉCNICO;GESTÃO E NEGÓCIOS;TÉCNICO EM TRANSAÇÕES IMOBILIÁRIAS;1.000
TÉCNICO;GESTÃO E NEGÓCIOS;TÉCNICO EM VENDAS;1.000
TÉCNICO;INFORMAÇÃO E COMUNICAÇÃO;TÉCNICO EM COMPUTAÇÃO GRÁFICA;1.194
TÉCNICO;INFORMAÇÃO E COMUNICAÇÃO;TÉCNICO EM DESENVOLVIMENTO DE SISTEMAS;1.050
TÉCNICO;INFORMAÇÃO E COMUNICAÇÃO;TÉCNICO EM INFORMÁTICA;1.053
TÉCNICO;INFORMAÇÃO E COMUNICAÇÃO;TÉCNICO EM INFORMÁTICA PARA INTERNET;1.028
TÉCNICO;INFORMAÇÃO E COMUNICAÇÃO;TÉCNICO EM MANUTENÇÃO E SUPORTE EM INFORMÁTICA;1.028
TÉCNICO;INFORMAÇÃO E COMUNICAÇÃO;TÉCNICO EM PROGRAMAÇÃO DE JOGOS DIGITAIS;1.000
TÉCNICO;INFORMAÇÃO E COMUNICAÇÃO;TÉCNICO EM REDES DE COMPUTADORES;1.032
TÉCNICO;INFORMAÇÃO E COMUNICAÇÃO;TÉCNICO EM SISTEMAS DE COMPUTAÇÃO;1.250
TÉCNICO;INFORMAÇÃO E COMUNICAÇÃO;TÉCNICO EM SISTEMAS DE TRANSMISSÃO;1.250
TÉCNICO;INFORMAÇÃO E COMUNICAÇÃO;TÉCNICO EM TELECOMUNICAÇÕES;1.083
TÉCNICO;INFRAESTRUTURA;TÉCNICO AEROPORTUÁRIO;1.100
TÉCNICO;INFRAESTRUTURA;TÉCNICO EM AGRIMENSURA;1.043
TÉCNICO;INFRAESTRUTURA;TÉCNICO EM CARPINTARIA;1.300
TÉCNICO;INFRAESTRUTURA;TÉCNICO EM DESENHO DE CONSTRUÇÃO CIVIL;1.066
TÉCNICO;INFRAESTRUTURA;TÉCNICO EM EDIFICAÇÕES;1.068
TÉCNICO;INFRAESTRUTURA;TÉCNICO EM ESTRADAS;1.010
TÉCNICO;INFRAESTRUTURA;TÉCNICO EM GEODÉSIA E CARTOGRAFIA;1.000
TÉCNICO;INFRAESTRUTURA;TÉCNICO EM GEOPROCESSAMENTO;1.213
TÉCNICO;INFRAESTRUTURA;TÉCNICO EM HIDROLOGIA;1.200
TÉCNICO;INFRAESTRUTURA;TÉCNICO EM PORTOS;1.017
TÉCNICO;INFRAESTRUTURA;TÉCNICO EM SANEAMENTO;1.022
TÉCNICO;INFRAESTRUTURA;TÉCNICO EM TRÂNSITO;1.000
TÉCNICO;INFRAESTRUTURA;TÉCNICO EM TRANSPORTE AQUAVIÁRIO;1.000
TÉCNICO;INFRAESTRUTURA;TÉCNICO EM TRANSPORTE DE CARGAS;1.075
TÉCNICO;INFRAESTRUTURA;TÉCNICO EM TRANSPORTE DUTOVIÁRIO;1.100
TÉCNICO;INFRAESTRUTURA;TÉCNICO EM TRANSPORTE METROFERROVIÁRIO;1.100
TÉCNICO;INFRAESTRUTURA;TÉCNICO EM TRANSPORTE RODOVIÁRIO;1.131
TÉCNICO;MILITAR;TÉCNICO EM AÇÕES DE COMANDOS;1.000
TÉCNICO;MILITAR;TÉCNICO EM ARMAMENTO DE AERONAVES;1.000
TÉCNICO;MILITAR;TÉCNICO EM ARTILHARIA;1.000
TÉCNICO;MILITAR;TÉCNICO EM ARTILHARIA ANTIAÉREA;1.000
TÉCNICO;MILITAR;TÉCNICO EM BOMBEIRO AERONÁUTICO;1.000
TÉCNICO;MILITAR;TÉCNICO EM CAVALARIA;1.000
TÉCNICO;MILITAR;TÉCNICO EM COMBATE A INCÊNDIO, RESGATE E PREVENÇÃO DE ACIDENTES DE AVIAÇÃO;1.000
TÉCNICO;MILITAR;TÉCNICO EM COMUNICAÇÕES AERONÁUTICAS;1.000
TÉCNICO;MILITAR;TÉCNICO EM COMUNICAÇÕES NAVAIS;1.000
TÉCNICO;MILITAR;TÉCNICO EM CONTROLE DE TRÁFEGO AÉREO;1.000
TÉCNICO;MILITAR;TÉCNICO EM DESENHO MILITAR;1.000
TÉCNICO;MILITAR;TÉCNICO EM ELETRICIDADE E INSTRUMENTOS AERONÁUTICOS;1.000
TÉCNICO;MILITAR;TÉCNICO EM EQUIPAMENTO DE ENGENHARIA;1.000
TÉCNICO;MILITAR;TÉCNICO EM EQUIPAMENTOS DE VOO;1.000
TÉCNICO;MILITAR;TÉCNICO EM ESTRUTURA E PINTURA DE AERONAVES;1.000
TÉCNICO;MILITAR;TÉCNICO EM FORÇAS ESPECIAIS;1.000
TÉCNICO;MILITAR;TÉCNICO EM FOTOINTELIGÊNCIA;1.000
TÉCNICO;MILITAR;TÉCNICO EM GUARDA E SEGURANÇA;1.000
TÉCNICO;MILITAR;TÉCNICO EM HIDROGRAFIA;1.000
TÉCNICO;MILITAR;TÉCNICO EM INFANTARIA;1.000
TÉCNICO;MILITAR;TÉCNICO EM INFORMAÇÕES AERONÁUTICAS;1.000
TÉCNICO;MILITAR;TÉCNICO EM MANOBRAS E EQUIPAMENTOS DE CONVÉS;1.000
TÉCNICO;MILITAR;TÉCNICO EM MATERIAL BÉLICO;1.000
TÉCNICO;MILITAR;TÉCNICO EM MECÂNICA DE AERONAVES;1.000
TÉCNICO;MILITAR;TÉCNICO EM MERGULHO;1.000
TÉCNICO;MILITAR;TÉCNICO EM MONTANHISMO;1.000
TÉCNICO;MILITAR;TÉCNICO EM NAVEGAÇÃO FLUVIAL;1.000
TÉCNICO;MILITAR;TÉCNICO EM OPERAÇÃO DE RADAR;1.000
TÉCNICO;MILITAR;TÉCNICO EM OPERAÇÃO DE SONAR;1.000
TÉCNICO;MILITAR;TÉCNICO EM OPERAÇÕES DE ENGENHARIA MILITAR;1.000
TÉCNICO;MILITAR;TÉCNICO EM PREPARAÇÃO FÍSICA E DESPORTIVA MILITAR;1.000
TÉCNICO;MILITAR;TÉCNICO EM SENSORES DE AVIAÇÃO;1.000
TÉCNICO;MILITAR;TÉCNICO EM SINAIS NAVAIS;1.000
TÉCNICO;MILITAR;TÉCNICO EM SINALIZAÇÃO NÁUTICA;1.000
TÉCNICO;MILITAR;TÉCNICO EM SUPRIMENTO;1.000
TÉCNICO;PRODUÇÃO ALIMENTÍCIA;TÉCNICO EM AGROINDÚSTRIA;1.034
TÉCNICO;PRODUÇÃO ALIMENTÍCIA;TÉCNICO EM ALIMENTOS;1.094
TÉCNICO;PRODUÇÃO ALIMENTÍCIA;TÉCNICO EM APICULTURA;1.150
TÉCNICO;PRODUÇÃO ALIMENTÍCIA;TÉCNICO EM CERVEJARIA;1.299
TÉCNICO;PRODUÇÃO ALIMENTÍCIA;TÉCNICO EM CONFEITARIA;1.247
TÉCNICO;PRODUÇÃO ALIMENTÍCIA;TÉCNICO EM PANIFICAÇÃO;1.104
TÉCNICO;PRODUÇÃO ALIMENTÍCIA;TÉCNICO EM PROCESSAMENTO DE PESCADO;1.150
TÉCNICO;PRODUÇÃO ALIMENTÍCIA;TÉCNICO EM VITICULTURA E ENOLOGIA;1.000
TÉCNICO;PRODUÇÃO CULTURAL E DESIGN;TÉCNICO DE MODA E ESTILISMO;1.300
TÉCNICO;PRODUÇÃO CULTURAL E DESIGN;TÉCNICO EM ARTE CIRCENSE;1.300
TÉCNICO;PRODUÇÃO CULTURAL E DESIGN;TÉCNICO EM ARTE DRAMÁTICA;1.300
TÉCNICO;PRODUÇÃO CULTURAL E DESIGN;TÉCNICO EM ARTES CIRCENSES;1.300
TÉCNICO;PRODUÇÃO CULTURAL E DESIGN;TÉCNICO EM ARTES VISUAIS;1.150
TÉCNICO;PRODUÇÃO CULTURAL E DESIGN;TÉCNICO EM ARTESANATO;1.057
TÉCNICO;PRODUÇÃO CULTURAL E DESIGN;TÉCNICO EM CANTO;1.500
TÉCNICO;PRODUÇÃO CULTURAL E DESIGN;TÉCNICO EM CENOGRAFIA;1.000
TÉCNICO;PRODUÇÃO CULTURAL E DESIGN;TÉCNICO EM COMPOSIÇÃO E ARRANJO;1.250
TÉCNICO;PRODUÇÃO CULTURAL E DESIGN;TÉCNICO EM COMUNICAÇÃO VISUAL;1.089
TÉCNICO;PRODUÇÃO CULTURAL E DESIGN;TÉCNICO EM CONSERVAÇÃO E RESTAURO;1.150
TÉCNICO;PRODUÇÃO CULTURAL E DESIGN;TÉCNICO EM DANÇA;1.480
TÉCNICO;PRODUÇÃO CULTURAL E DESIGN;TÉCNICO EM DESIGN DE CALÇADOS;1.200
TÉCNICO;PRODUÇÃO CULTURAL E DESIGN;TÉCNICO EM DESIGN DE EMBALAGENS;1.200
TÉCNICO;PRODUÇÃO CULTURAL E DESIGN;TÉCNICO EM DESIGN DE INTERIORES;1.182
TÉCNICO;PRODUÇÃO CULTURAL E DESIGN;TÉCNICO EM DESIGN DE JOIAS;1.200
TÉCNICO;PRODUÇÃO CULTURAL E DESIGN;TÉCNICO EM DESIGN DE MÓVEIS;1.008
TÉCNICO;PRODUÇÃO CULTURAL E DESIGN;TÉCNICO EM DOCUMENTAÇÃO MUSICAL;1.200
TÉCNICO;PRODUÇÃO CULTURAL E DESIGN;TÉCNICO EM FABRICAÇÃO DE INSTRUMENTOS MUSICAIS;1.250
TÉCNICO;PRODUÇÃO CULTURAL E DESIGN;TÉCNICO EM FIGURINO CÊNICO;1.000
TÉCNICO;PRODUÇÃO CULTURAL E DESIGN;TÉCNICO EM GESTÃO CULTURAL;1.100
TÉCNICO;PRODUÇÃO CULTURAL E DESIGN;TÉCNICO EM INSTRUMENTO MUSICAL;1.500
TÉCNICO;PRODUÇÃO CULTURAL E DESIGN;TÉCNICO EM MODELAGEM DO VESTUÁRIO;1.060
TÉCNICO;PRODUÇÃO CULTURAL E DESIGN;TÉCNICO EM MULTIMÍDIA;1.028
TÉCNICO;PRODUÇÃO CULTURAL E DESIGN;TÉCNICO EM MUSEOLOGIA;1.100
TÉCNICO;PRODUÇÃO CULTURAL E DESIGN;TÉCNICO EM PAISAGISMO;1.000
TÉCNICO;PRODUÇÃO CULTURAL E DESIGN;TÉCNICO EM PROCESSOS FONOGRÁFICOS;1.259
TÉCNICO;PRODUÇÃO CULTURAL E DESIGN;TÉCNICO EM PROCESSOS FOTOGRÁFICOS;1.150
TÉCNICO;PRODUÇÃO CULTURAL E DESIGN;TÉCNICO EM PRODUÇÃO DE ÁUDIO E VÍDEO;1.500
TÉCNICO;PRODUÇÃO CULTURAL E DESIGN;TÉCNICO EM PRODUÇÃO DE MODA;1.082
TÉCNICO;PRODUÇÃO CULTURAL E DESIGN;TÉCNICO EM PUBLICIDADE;1.100
TÉCNICO;PRODUÇÃO CULTURAL E DESIGN;TÉCNICO EM RÁDIO E TELEVISÃO;1.300
TÉCNICO;PRODUÇÃO CULTURAL E DESIGN;TÉCNICO EM REGÊNCIA;1.500
TÉCNICO;PRODUÇÃO CULTURAL E DESIGN;TÉCNICO EM TEATRO;1.083
TÉCNICO;PRODUÇÃO INDUSTRIAL;TÉCNICO EM AÇÚCAR E ÁLCOOL;1.175
TÉCNICO;PRODUÇÃO INDUSTRIAL;TÉCNICO EM ANÁLISES QUÍMICAS;1.197
TÉCNICO;PRODUÇÃO INDUSTRIAL;TÉCNICO EM BIOCOMBUSTÍVEIS;1.000
TÉCNICO;PRODUÇÃO INDUSTRIAL;TÉCNICO EM CALÇADOS;1.270
TÉCNICO;PRODUÇÃO INDUSTRIAL;TÉCNICO EM CELULOSE E PAPEL;1.270
TÉCNICO;PRODUÇÃO INDUSTRIAL;TÉCNICO EM CERÂMICA;1.270
TÉCNICO;PRODUÇÃO INDUSTRIAL;TÉCNICO EM CONSTRUÇÃO NAVAL;1.135
TÉCNICO;PRODUÇÃO INDUSTRIAL;TÉCNICO EM CURTIMENTO;1.270
TÉCNICO;PRODUÇÃO INDUSTRIAL;TÉCNICO EM FABRICAÇÃO MECÂNICA;1.214
TÉCNICO;PRODUÇÃO INDUSTRIAL;TÉCNICO EM IMPRESSÃO OFFSET;1.270
TÉCNICO;PRODUÇÃO INDUSTRIAL;TÉCNICO EM IMPRESSÃO ROTOGRÁFICA E FLEXOGRÁFICA;1.270
TÉCNICO;PRODUÇÃO INDUSTRIAL;TÉCNICO EM JOALHERIA;1.270
TÉCNICO;PRODUÇÃO INDUSTRIAL;TÉCNICO EM MÓVEIS;1.000
TÉCNICO;PRODUÇÃO INDUSTRIAL;TÉCNICO EM PETRÓLEO E GÁS;1.030
TÉCNICO;PRODUÇÃO INDUSTRIAL;TÉCNICO EM PETROQUÍMICA;1.076
TÉCNICO;PRODUÇÃO INDUSTRIAL;TÉCNICO EM PLÁSTICOS;1.025
TÉCNICO;PRODUÇÃO INDUSTRIAL;TÉCNICO EM PRÉ-IMPRESSÃO GRÁFICA;1.270
TÉCNICO;PRODUÇÃO INDUSTRIAL;TÉCNICO EM PROCESSOS GRÁFICOS;1.270
TÉCNICO;PRODUÇÃO INDUSTRIAL;TÉCNICO EM QUÍMICA;1.109
TÉCNICO;PRODUÇÃO INDUSTRIAL;TÉCNICO EM TÊXTIL;1.270
TÉCNICO;PRODUÇÃO INDUSTRIAL;TÉCNICO EM VESTUÁRIO;1.018
TÉCNICO;RECURSOS NATURAIS;TÉCNICO EM AGRICULTURA;1.000
TÉCNICO;RECURSOS NATURAIS;TÉCNICO EM AGROECOLOGIA;1.004
TÉCNICO;RECURSOS NATURAIS;TÉCNICO EM AGRONEGÓCIO;1.016
TÉCNICO;RECURSOS NATURAIS;TÉCNICO EM AGROPECUÁRIA;1.018
TÉCNICO;RECURSOS NATURAIS;TÉCNICO EM AQUICULTURA;1.010
TÉCNICO;RECURSOS NATURAIS;TÉCNICO EM CAFEICULTURA;1.253
TÉCNICO;RECURSOS NATURAIS;TÉCNICO EM EQUIPAMENTOS PESQUEIROS;1.200
TÉCNICO;RECURSOS NATURAIS;TÉCNICO EM FLORESTAS;1.000
TÉCNICO;RECURSOS NATURAIS;TÉCNICO EM FRUTICULTURA;1.188
TÉCNICO;RECURSOS NATURAIS;TÉCNICO EM GEOLOGIA;1.000
TÉCNICO;RECURSOS NATURAIS;TÉCNICO EM GRÃOS;1.200
TÉCNICO;RECURSOS NATURAIS;TÉCNICO EM MINERAÇÃO;1.073
TÉCNICO;RECURSOS NATURAIS;TÉCNICO EM PESCA;1.000
TÉCNICO;RECURSOS NATURAIS;TÉCNICO EM PÓS-COLHEITA;1.066
TÉCNICO;RECURSOS NATURAIS;TÉCNICO EM RECURSOS MINERAIS;1.200
TÉCNICO;RECURSOS NATURAIS;TÉCNICO EM RECURSOS PESQUEIROS;1.000
TÉCNICO;RECURSOS NATURAIS;TÉCNICO EM ZOOTECNIA;1.080
TÉCNICO;SEGURANÇA;TÉCNICO EM DEFESA CIVIL;1.000
TÉCNICO;SEGURANÇA;TÉCNICO EM SEGURANÇA DO TRABALHO;1.012
TÉCNICO;TURISMO, HOSPITALIDADE E LAZER;TÉCNICO EM AGENCIAMENTO DE VIAGEM;1.000
TÉCNICO;TURISMO, HOSPITALIDADE E LAZER;TÉCNICO EM COZINHA;1.095
TÉCNICO;TURISMO, HOSPITALIDADE E LAZER;TÉCNICO EM EVENTOS;1.006
TÉCNICO;TURISMO, HOSPITALIDADE E LAZER;TÉCNICO EM GASTRONOMIA;1.200
TÉCNICO;TURISMO, HOSPITALIDADE E LAZER;TÉCNICO EM GUIA DE TURISMO;1.016
TÉCNICO;TURISMO, HOSPITALIDADE E LAZER;TÉCNICO EM HOSPEDAGEM;1.019
TÉCNICO;TURISMO, HOSPITALIDADE E LAZER;TÉCNICO EM LAZER;1.113
TÉCNICO;TURISMO, HOSPITALIDADE E LAZER;TÉCNICO EM RESTAURANTE E BAR;1.058
TÉCNICO;TURISMO, HOSPITALIDADE E LAZER;TÉCNICO EM SERVIÇOS DE RESTAURANTE E BAR;1.200
ESPECIALIZAÇÃO PROFISSIONAL TÉCNICA;"""TODOS""";"""TODOS""";1.000
TECNOLOGIA;AMBIENTE E SAÚDE;ESTÉTICA E COSMÉTICA;1.500
TECNOLOGIA;AMBIENTE E SAÚDE;GESTÃO AMBIENTAL;1.000
TECNOLOGIA;AMBIENTE E SAÚDE;GESTÃO DE RESÍDUOS SÓLIDOS;1.200
TECNOLOGIA;AMBIENTE E SAÚDE;GESTÃO HOSPITALAR;1.180
TECNOLOGIA;AMBIENTE E SAÚDE;OFTÁLMICA;1.200
TECNOLOGIA;AMBIENTE E SAÚDE;RADIOLOGIA;1.000
TECNOLOGIA;AMBIENTE E SAÚDE;SANEAMENTO AMBIENTAL;1.006
TECNOLOGIA;AMBIENTE E SAÚDE;SISTEMAS BIOMÉDICOS;1.200
TECNOLOGIA;CONTROLE E PROCESSOS INDUSTRIAIS;AUTOMAÇÃO INDUSTRIAL;1.143
TECNOLOGIA;CONTROLE E PROCESSOS INDUSTRIAIS;ELETRÔNICA INDUSTRIAL;1.154
TECNOLOGIA;CONTROLE E PROCESSOS INDUSTRIAIS;ELETROTÉCNICA INDUSTRIAL;1.000
TECNOLOGIA;CONTROLE E PROCESSOS INDUSTRIAIS;GESTÃO DA PRODUÇÃO INDUSTRIAL;1.360
TECNOLOGIA;CONTROLE E PROCESSOS INDUSTRIAIS;MANUTENÇÃO DE AERONAVES;1.088
TECNOLOGIA;CONTROLE E PROCESSOS INDUSTRIAIS;MANUTENÇÃO INDUSTRIAL;1.000
TECNOLOGIA;CONTROLE E PROCESSOS INDUSTRIAIS;MECÂNICA DE PRECISÃO;1.230
TECNOLOGIA;CONTROLE E PROCESSOS INDUSTRIAIS;MECATRÔNICA INDUSTRIAL;1.500
TECNOLOGIA;CONTROLE E PROCESSOS INDUSTRIAIS;PROCESSOS AMBIENTAIS;1.230
TECNOLOGIA;CONTROLE E PROCESSOS INDUSTRIAIS;PROCESSOS METALÚRGICOS;1.000
TECNOLOGIA;CONTROLE E PROCESSOS INDUSTRIAIS;REFRIGERAÇÃO E CLIMATIZAÇÃO;1.270
TECNOLOGIA;CONTROLE E PROCESSOS INDUSTRIAIS;SISTEMAS DE ENERGIA;1.031
TECNOLOGIA;CONTROLE E PROCESSOS INDUSTRIAIS;SISTEMAS ELÉTRICOS;1.031
TECNOLOGIA;CONTROLE E PROCESSOS INDUSTRIAIS;SISTEMAS ELETRÔNICOS;1.230
TECNOLOGIA;DESENVOLVIMENTO EDUCACIONAL E SOCIAL;DESENVOLVIMENTO SOCIAL;1.000
TECNOLOGIA;DESENVOLVIMENTO EDUCACIONAL E SOCIAL;PROCESSOS ESCOLARES;1.000
TECNOLOGIA;GESTÃO E NEGÓCIOS;COMÉRCIO EXTERIOR;1.000
TECNOLOGIA;GESTÃO E NEGÓCIOS;GESTÃO COMERCIAL;1.000
TECNOLOGIA;GESTÃO E NEGÓCIOS;GESTÃO DA QUALIDADE;1.000
TECNOLOGIA;GESTÃO E NEGÓCIOS;GESTÃO DE COOPERATIVAS;1.000
TECNOLOGIA;GESTÃO E NEGÓCIOS;GESTÃO DE RECURSOS HUMANOS;1.000
TECNOLOGIA;GESTÃO E NEGÓCIOS;GESTÃO EMPREENDEDORA;1.000
TECNOLOGIA;GESTÃO E NEGÓCIOS;GESTÃO FINANCEIRA;1.000
TECNOLOGIA;GESTÃO E NEGÓCIOS;GESTÃO PÚBLICA;1.000
TECNOLOGIA;GESTÃO E NEGÓCIOS;LOGÍSTICA;1.000
TECNOLOGIA;GESTÃO E NEGÓCIOS;MARKETING;1.000
TECNOLOGIA;GESTÃO E NEGÓCIOS;NEGÓCIOS IMOBILIÁRIOS;1.000
TECNOLOGIA;GESTÃO E NEGÓCIOS;PROCESSOS GERENCIAIS;1.017
TECNOLOGIA;GESTÃO E NEGÓCIOS;SECRETARIADO;1.000
TECNOLOGIA;INFORMAÇÃO E COMUNICAÇÃO;ANÁLISE E DESENVOLVIMENTO DE SISTEMAS;1.030
TECNOLOGIA;INFORMAÇÃO E COMUNICAÇÃO;BANCO DE DADOS;1.250
TECNOLOGIA;INFORMAÇÃO E COMUNICAÇÃO;GESTÃO DA TECNOLOGIA DA INFORMAÇÃO;1.000
TECNOLOGIA;INFORMAÇÃO E COMUNICAÇÃO;GESTÃO DE TELECOMUNICAÇÕES;1.250
TECNOLOGIA;INFORMAÇÃO E COMUNICAÇÃO;JOGOS DIGITAIS;1.000
TECNOLOGIA;INFORMAÇÃO E COMUNICAÇÃO;REDES DE COMPUTADORES;1.076
TECNOLOGIA;INFORMAÇÃO E COMUNICAÇÃO;REDES DE TELECOMUNICAÇÕES;1.250
TECNOLOGIA;INFORMAÇÃO E COMUNICAÇÃO;SEGURANÇA DA INFORMAÇÃO;1.250
TECNOLOGIA;INFORMAÇÃO E COMUNICAÇÃO;SISTEMAS DE TELECOMUNICAÇÕES;1.031
TECNOLOGIA;INFORMAÇÃO E COMUNICAÇÃO;SISTEMAS PARA INTERNET;1.076
TECNOLOGIA;INFORMAÇÃO E COMUNICAÇÃO;TELEMÁTICA;1.076
TECNOLOGIA;INFRAESTRUTURA;AGRIMENSURA;1.200
TECNOLOGIA;INFRAESTRUTURA;CONSTRUÇÃO DE EDIFÍCIOS;1.005
TECNOLOGIA;INFRAESTRUTURA;CONTROLE DE OBRAS;1.005
TECNOLOGIA;INFRAESTRUTURA;ESTRADAS;1.032
TECNOLOGIA;INFRAESTRUTURA;GEOPROCESSAMENTO;1.032
TECNOLOGIA;INFRAESTRUTURA;GESTÃO PORTUÁRIA;1.100
TECNOLOGIA;INFRAESTRUTURA;MATERIAL DE CONSTRUÇÃO;1.000
TECNOLOGIA;INFRAESTRUTURA;OBRAS HIDRÁULICAS;1.200
TECNOLOGIA;INFRAESTRUTURA;PILOTAGEM PROFISSIONAL DE AERONAVES;1.300
TECNOLOGIA;INFRAESTRUTURA;SISTEMAS DE NAVEGAÇÃO FLUVIAL;1.100
TECNOLOGIA;INFRAESTRUTURA;TRANSPORTE AÉREO;1.100
TECNOLOGIA;INFRAESTRUTURA;TRANSPORTE TERRESTRE;1.100
TECNOLOGIA;MILITAR;COMUNICAÇÕES AERONÁUTICAS;1.000
TECNOLOGIA;MILITAR;FOTOINTELIGÊNCIA;1.000
TECNOLOGIA;MILITAR;GERENCIAMENTO DE TRÁFEGO AÉREO;1.000
TECNOLOGIA;MILITAR;GESTÃO E MANUTENÇÃO AERONÁUTICA;1.000
TECNOLOGIA;MILITAR;METEOROLOGIA AERONÁUTICA;1.000
TECNOLOGIA;MILITAR;SISTEMAS DE ARMAS;1.000
TECNOLOGIA;PRODUÇÃO ALIMENTÍCIA;AGROINDÚSTRIA;1.000
TECNOLOGIA;PRODUÇÃO ALIMENTÍCIA;ALIMENTOS;1.049
TECNOLOGIA;PRODUÇÃO ALIMENTÍCIA;LATICÍNIOS;1.049
TECNOLOGIA;PRODUÇÃO ALIMENTÍCIA;PROCESSAMENTO DE CARNES;1.150
TECNOLOGIA;PRODUÇÃO ALIMENTÍCIA;PRODUÇÃO DE CACHAÇA;1.000
TECNOLOGIA;PRODUÇÃO ALIMENTÍCIA;VITICULTURA E ENOLOGIA;1.017
TECNOLOGIA;PRODUÇÃO CULTURAL E DESIGN;COMUNICAÇÃO ASSISTIVA;1.300
TECNOLOGIA;PRODUÇÃO CULTURAL E DESIGN;COMUNICAÇÃO INSTITUCIONAL;1.000
TECNOLOGIA;PRODUÇÃO CULTURAL E DESIGN;CONSERVAÇÃO E RESTAURO;1.150
TECNOLOGIA;PRODUÇÃO CULTURAL E DESIGN;DESIGN DE INTERIORES;1.150
TECNOLOGIA;PRODUÇÃO CULTURAL E DESIGN;DESIGN DE MODA;1.078
TECNOLOGIA;PRODUÇÃO CULTURAL E DESIGN;DESIGN DE PRODUTO;1.078
TECNOLOGIA;PRODUÇÃO CULTURAL E DESIGN;DESIGN GRÁFICO;1.078
TECNOLOGIA;PRODUÇÃO CULTURAL E DESIGN;FOTOGRAFIA;1.150
TECNOLOGIA;PRODUÇÃO CULTURAL E DESIGN;PRODUÇÃO AUDIOVISUAL;1.150
TECNOLOGIA;PRODUÇÃO CULTURAL E DESIGN;PRODUÇÃO CÊNICA;1.150
TECNOLOGIA;PRODUÇÃO CULTURAL E DESIGN;PRODUÇÃO CULTURAL;1.150
TECNOLOGIA;PRODUÇÃO CULTURAL E DESIGN;PRODUÇÃO FONOGRÁFICA;1.150
TECNOLOGIA;PRODUÇÃO CULTURAL E DESIGN;PRODUÇÃO MULTIMÍDIA;1.101
TECNOLOGIA;PRODUÇÃO CULTURAL E DESIGN;PRODUÇÃO PUBLICITÁRIA;1.000
TECNOLOGIA;PRODUÇÃO INDUSTRIAL;BIOCOMBUSTÍVEIS;1.000
TECNOLOGIA;PRODUÇÃO INDUSTRIAL;BIOTECNOLOGIA;1.230
TECNOLOGIA;PRODUÇÃO INDUSTRIAL;CONSTRUÇÃO NAVAL;1.230
TECNOLOGIA;PRODUÇÃO INDUSTRIAL;FABRICAÇÃO MECÂNICA;1.000
TECNOLOGIA;PRODUÇÃO INDUSTRIAL;PAPEL E CELULOSE;1.230
TECNOLOGIA;PRODUÇÃO INDUSTRIAL;PETRÓLEO E GÁS;1.230
TECNOLOGIA;PRODUÇÃO INDUSTRIAL;POLÍMEROS;1.230
TECNOLOGIA;PRODUÇÃO INDUSTRIAL;PROCESSOS QUÍMICOS;1.000
TECNOLOGIA;PRODUÇÃO INDUSTRIAL;PRODUÇÃO DE VESTUÁRIO;1.230
TECNOLOGIA;PRODUÇÃO INDUSTRIAL;PRODUÇÃO GRÁFICA;1.230
TECNOLOGIA;PRODUÇÃO INDUSTRIAL;PRODUÇÃO JOALHEIRA;1.230
TECNOLOGIA;PRODUÇÃO INDUSTRIAL;PRODUÇÃO MOVELEIRA;1.230
TECNOLOGIA;PRODUÇÃO INDUSTRIAL;PRODUÇÃO SUCROALCOOLEIRA;1.230
TECNOLOGIA;PRODUÇÃO INDUSTRIAL;PRODUÇÃO TÊXTIL;1.230
TECNOLOGIA;RECURSOS NATURAIS;AGROECOLOGIA;1.003
TECNOLOGIA;RECURSOS NATURAIS;AGRONEGÓCIO;1.020
TECNOLOGIA;RECURSOS NATURAIS;AQUICULTURA;1.000
TECNOLOGIA;RECURSOS NATURAIS;CAFEICULTURA;1.000
TECNOLOGIA;RECURSOS NATURAIS;HORTICULTURA;1.000
TECNOLOGIA;RECURSOS NATURAIS;IRRIGAÇÃO E DRENAGEM;1.200
TECNOLOGIA;RECURSOS NATURAIS;MINERAÇÃO;1.000
TECNOLOGIA;RECURSOS NATURAIS;PRODUÇÃO DE GRÃOS;1.030
TECNOLOGIA;RECURSOS NATURAIS;PRODUÇÃO PESQUEIRA;1.200
TECNOLOGIA;RECURSOS NATURAIS;PRODUÇÃO SUCRO ALCOOLEIRA;1.200
TECNOLOGIA;RECURSOS NATURAIS;ROCHAS ORNAMENTAIS;1.200
TECNOLOGIA;RECURSOS NATURAIS;SILVICULTURA;1.200
TECNOLOGIA;SEGURANÇA;GESTÃO DE SEGURANÇA PRIVADA;1.110
TECNOLOGIA;SEGURANÇA;SEGURANÇA NO TRABALHO;1.049
TECNOLOGIA;SEGURANÇA;SEGURANÇA NO TRÂNSITO;1.110
TECNOLOGIA;SEGURANÇA;SEGURANÇA PÚBLICA;1.000
TECNOLOGIA;SEGURANÇA;SERVIÇOS PENAIS;1.110
TECNOLOGIA;TURISMO, HOSPITALIDADE E LAZER;EVENTOS;1.000
TECNOLOGIA;TURISMO, HOSPITALIDADE E LAZER;GASTRONOMIA;1.000
TECNOLOGIA;TURISMO, HOSPITALIDADE E LAZER;GESTÃO DE TURISMO;1.024
TECNOLOGIA;TURISMO, HOSPITALIDADE E LAZER;GESTÃO DESPORTIVA E DE LAZER;1.000
TECNOLOGIA;TURISMO, HOSPITALIDADE E LAZER;HOTELARIA;1.028
LICENCIATURA;DESENVOLVIMENTO EDUCACIONAL E SOCIAL;ARTES CÊNICAS;1.100
LICENCIATURA;DESENVOLVIMENTO EDUCACIONAL E SOCIAL;ARTES VISUAIS;1.239
LICENCIATURA;DESENVOLVIMENTO EDUCACIONAL E SOCIAL;CIÊNCIAS AGRÁRIAS;1.115
LICENCIATURA;DESENVOLVIMENTO EDUCACIONAL E SOCIAL;CIÊNCIAS BIOLÓGICAS;1.052
LICENCIATURA;DESENVOLVIMENTO EDUCACIONAL E SOCIAL;CIÊNCIAS DA NATUREZA;1.000
LICENCIATURA;DESENVOLVIMENTO EDUCACIONAL E SOCIAL;CIÊNCIAS SOCIAIS;1.127
LICENCIATURA;DESENVOLVIMENTO EDUCACIONAL E SOCIAL;COMPUTAÇÃO;1.000
LICENCIATURA;DESENVOLVIMENTO EDUCACIONAL E SOCIAL;DANÇA;1.137
LICENCIATURA;DESENVOLVIMENTO EDUCACIONAL E SOCIAL;EDUCAÇÃO DO CAMPO;1.000
LICENCIATURA;DESENVOLVIMENTO EDUCACIONAL E SOCIAL;EDUCAÇÃO FÍSICA;1.038
LICENCIATURA;DESENVOLVIMENTO EDUCACIONAL E SOCIAL;FILOSOFIA;1.000
LICENCIATURA;DESENVOLVIMENTO EDUCACIONAL E SOCIAL;FÍSICA;1.039
LICENCIATURA;DESENVOLVIMENTO EDUCACIONAL E SOCIAL;GEOGRAFIA;1.029
LICENCIATURA;DESENVOLVIMENTO EDUCACIONAL E SOCIAL;HISTÓRIA;1.000
LICENCIATURA;DESENVOLVIMENTO EDUCACIONAL E SOCIAL;INFORMÁTICA;1.000
LICENCIATURA;DESENVOLVIMENTO EDUCACIONAL E SOCIAL;INTERCULTURAL INDÍGENA;1.000
LICENCIATURA;DESENVOLVIMENTO EDUCACIONAL E SOCIAL;LETRAS;1.024
LICENCIATURA;DESENVOLVIMENTO EDUCACIONAL E SOCIAL;LETRAS - LÍNGUA ESTRANGEIRA;1.024
LICENCIATURA;DESENVOLVIMENTO EDUCACIONAL E SOCIAL;LETRAS - LÍNGUA PORTUGUESA;1.024
LICENCIATURA;DESENVOLVIMENTO EDUCACIONAL E SOCIAL;LICENCIATURA PARA A EDUCAÇÃO PROFISSIONAL, CIENTÍFICA E TECNOLÓGICA;1.175
LICENCIATURA;DESENVOLVIMENTO EDUCACIONAL E SOCIAL;MATEMÁTICA;1.013
LICENCIATURA;DESENVOLVIMENTO EDUCACIONAL E SOCIAL;MÚSICA;1.107
LICENCIATURA;DESENVOLVIMENTO EDUCACIONAL E SOCIAL;PEDAGOGIA;1.064
LICENCIATURA;DESENVOLVIMENTO EDUCACIONAL E SOCIAL;PROGRAMA ESPECIAL DE FORMAÇÃO PEDAGÓGICA DE DOCENTES;1.120
LICENCIATURA;DESENVOLVIMENTO EDUCACIONAL E SOCIAL;QUÍMICA;1.077
LICENCIATURA;DESENVOLVIMENTO EDUCACIONAL E SOCIAL;TEATRO;1.079
BACHARELADO;AMBIENTE E SAÚDE;BIOMEDICINA;1.200
BACHARELADO;AMBIENTE E SAÚDE;EDUCAÇÃO FÍSICA;1.249
BACHARELADO;AMBIENTE E SAÚDE;ENFERMAGEM;1.500
BACHARELADO;AMBIENTE E SAÚDE;ENGENHARIA AMBIENTAL;1.025
BACHARELADO;AMBIENTE E SAÚDE;FARMÁCIA;1.150
BACHARELADO;AMBIENTE E SAÚDE;FISIOTERAPIA;1.200
BACHARELADO;AMBIENTE E SAÚDE;FONOAUDIOLOGIA;1.200
BACHARELADO;AMBIENTE E SAÚDE;GESTÃO AMBIENTAL;1.100
BACHARELADO;AMBIENTE E SAÚDE;MEDICINA;1.300
BACHARELADO;AMBIENTE E SAÚDE;METEOROLOGIA;1.200
BACHARELADO;AMBIENTE E SAÚDE;NUTRIÇÃO;1.251
BACHARELADO;AMBIENTE E SAÚDE;ODONTOLOGIA;1.300
BACHARELADO;AMBIENTE E SAÚDE;PSICOLOGIA;1.000
BACHARELADO;AMBIENTE E SAÚDE;TERAPIA OCUPACIONAL;1.000
BACHARELADO;CONTROLE E PROCESSOS INDUSTRIAIS;CIÊNCIAS AERONÁUTICAS;1.230
BACHARELADO;CONTROLE E PROCESSOS INDUSTRIAIS;ENGENHARIA AERONÁUTICA;1.230
BACHARELADO;CONTROLE E PROCESSOS INDUSTRIAIS;ENGENHARIA DE AUTOMAÇÃO INDUSTRIAL;1.160
BACHARELADO;CONTROLE E PROCESSOS INDUSTRIAIS;ENGENHARIA DE CONTROLE E AUTOMAÇÃO;1.289
BACHARELADO;CONTROLE E PROCESSOS INDUSTRIAIS;ENGENHARIA DE MATERIAIS;1.137
BACHARELADO;CONTROLE E PROCESSOS INDUSTRIAIS;ENGENHARIA DE PRODUÇÃO;1.028
BACHARELADO;CONTROLE E PROCESSOS INDUSTRIAIS;ENGENHARIA ELÉTRICA;1.108
BACHARELADO;CONTROLE E PROCESSOS INDUSTRIAIS;ENGENHARIA ELETRÔNICA;1.108
BACHARELADO;CONTROLE E PROCESSOS INDUSTRIAIS;ENGENHARIA MECÂNICA;1.078
BACHARELADO;CONTROLE E PROCESSOS INDUSTRIAIS;ENGENHARIA MECATRÔNICA;1.178
BACHARELADO;CONTROLE E PROCESSOS INDUSTRIAIS;ENGENHARIA METALÚRGICA;1.033
BACHARELADO;DESENVOLVIMENTO EDUCACIONAL E SOCIAL;ARQUEOLOGIA;1.100
BACHARELADO;DESENVOLVIMENTO EDUCACIONAL E SOCIAL;ARQUIVOLOGIA;1.000
BACHARELADO;DESENVOLVIMENTO EDUCACIONAL E SOCIAL;ARTES VISUAIS;1.100
BACHARELADO;DESENVOLVIMENTO EDUCACIONAL E SOCIAL;BIBLIOTECONOMIA;1.000
BACHARELADO;DESENVOLVIMENTO EDUCACIONAL E SOCIAL;CIÊNCIAS SOCIAIS;1.000
BACHARELADO;DESENVOLVIMENTO EDUCACIONAL E SOCIAL;DANÇA;1.200
BACHARELADO;DESENVOLVIMENTO EDUCACIONAL E SOCIAL;ESTATÍSTICA;1.000
BACHARELADO;DESENVOLVIMENTO EDUCACIONAL E SOCIAL;FILOSOFIA;1.000
BACHARELADO;DESENVOLVIMENTO EDUCACIONAL E SOCIAL;FÍSICA;1.034
BACHARELADO;DESENVOLVIMENTO EDUCACIONAL E SOCIAL;GEOGRAFIA;1.100
BACHARELADO;DESENVOLVIMENTO EDUCACIONAL E SOCIAL;HISTÓRIA;1.000
BACHARELADO;DESENVOLVIMENTO EDUCACIONAL E SOCIAL;LETRAS;1.000
BACHARELADO;DESENVOLVIMENTO EDUCACIONAL E SOCIAL;LETRAS - LÍNGUA ESTRANGEIRA;1.000
BACHARELADO;DESENVOLVIMENTO EDUCACIONAL E SOCIAL;LETRAS - LÍNGUA PORTUGUESA;1.000
BACHARELADO;DESENVOLVIMENTO EDUCACIONAL E SOCIAL;MATEMÁTICA;1.000
BACHARELADO;DESENVOLVIMENTO EDUCACIONAL E SOCIAL;MUSEOLOGIA;1.000
BACHARELADO;DESENVOLVIMENTO EDUCACIONAL E SOCIAL;MÚSICA;1.100
BACHARELADO;DESENVOLVIMENTO EDUCACIONAL E SOCIAL;RELAÇÕES PÚBLICAS;1.000
BACHARELADO;DESENVOLVIMENTO EDUCACIONAL E SOCIAL;SERVIÇO SOCIAL;1.500
BACHARELADO;DESENVOLVIMENTO EDUCACIONAL E SOCIAL;TEATRO;1.100
BACHARELADO;DESENVOLVIMENTO EDUCACIONAL E SOCIAL;TEOLOGIA;1.000
BACHARELADO;GESTÃO E NEGÓCIOS;ADMINISTRAÇÃO;1.001
BACHARELADO;GESTÃO E NEGÓCIOS;CIÊNCIAS ATUARIAIS;1.000
BACHARELADO;GESTÃO E NEGÓCIOS;CIÊNCIAS CONTÁBEIS;1.000
BACHARELADO;GESTÃO E NEGÓCIOS;CIÊNCIAS ECONÔMICAS;1.000
BACHARELADO;GESTÃO E NEGÓCIOS;DIREITO;1.187
BACHARELADO;GESTÃO E NEGÓCIOS;LÍNGUAS ESTRANGEIRAS APLICADAS A NEGOCIAÇÕES INTERNACIONAIS;1.111
BACHARELADO;GESTÃO E NEGÓCIOS;RELAÇÕES INTERNACIONAIS;1.000
BACHARELADO;GESTÃO E NEGÓCIOS;SECRETARIADO EXECUTIVO;1.000
BACHARELADO;INFORMAÇÃO E COMUNICAÇÃO;CIÊNCIA DA COMPUTAÇÃO;1.081
BACHARELADO;INFORMAÇÃO E COMUNICAÇÃO;ENGENHARIA DE COMPUTAÇÃO;1.237
BACHARELADO;INFORMAÇÃO E COMUNICAÇÃO;ENGENHARIA DE SOFTWARE;1.000
BACHARELADO;INFORMAÇÃO E COMUNICAÇÃO;ENGENHARIA DE TELECOMUNICAÇÕES;1.187
BACHARELADO;INFORMAÇÃO E COMUNICAÇÃO;INFORMÁTICA;1.100
BACHARELADO;INFORMAÇÃO E COMUNICAÇÃO;JORNALISMO;1.000
BACHARELADO;INFORMAÇÃO E COMUNICAÇÃO;RADIO, TV E INTERNET;1.100
BACHARELADO;INFORMAÇÃO E COMUNICAÇÃO;SISTEMAS DE INFORMAÇÃO;1.008
BACHARELADO;INFRAESTRUTURA;ARQUITETURA E URBANISMO;1.071
BACHARELADO;INFRAESTRUTURA;ENGENHARIA CIVIL;1.085
BACHARELADO;INFRAESTRUTURA;ENGENHARIA DE AGRIMENSURA E CARTOGRÁFICA;1.117
BACHARELADO;INFRAESTRUTURA;ENGENHARIA DE PRODUÇÃO CIVIL;1.085
BACHARELADO;INFRAESTRUTURA;ENGENHARIA DE TRANSPORTES;1.211
BACHARELADO;PRODUÇÃO ALIMENTÍCIA;CIÊNCIA E TECNOLOGIA DE ALIMENTOS;1.076
BACHARELADO;PRODUÇÃO ALIMENTÍCIA;ENGENHARIA DE ALIMENTOS;1.013
BACHARELADO;PRODUÇÃO CULTURAL E DESIGN;CINEMA E AUDIOVISUAL;1.269
BACHARELADO;PRODUÇÃO CULTURAL E DESIGN;DESIGN;1.500
BACHARELADO;PRODUÇÃO CULTURAL E DESIGN;PRODUÇÃO CULTURAL;1.000
BACHARELADO;PRODUÇÃO CULTURAL E DESIGN;PUBLICIDADE E PROPAGANDA;1.100
BACHARELADO;PRODUÇÃO INDUSTRIAL;BIOTECNOLOGIA;1.000
BACHARELADO;PRODUÇÃO INDUSTRIAL;ENGENHARIA DE BIOPROCESSOS;1.230
BACHARELADO;PRODUÇÃO INDUSTRIAL;ENGENHARIA DE PETRÓLEO;1.230
BACHARELADO;PRODUÇÃO INDUSTRIAL;ENGENHARIA NAVAL;1.230
BACHARELADO;PRODUÇÃO INDUSTRIAL;ENGENHARIA QUÍMICA;1.111
BACHARELADO;PRODUÇÃO INDUSTRIAL;ENGENHARIA TÊXTIL;1.230
BACHARELADO;PRODUÇÃO INDUSTRIAL;QUÍMICA;1.318
BACHARELADO;RECURSOS NATURAIS;AGROECOLOGIA;1.022
BACHARELADO;RECURSOS NATURAIS;AGRONOMIA;1.061
BACHARELADO;RECURSOS NATURAIS;CIÊNCIAS BIOLÓGICAS;1.026
BACHARELADO;RECURSOS NATURAIS;ENGENHARIA AGRÍCOLA;1.000
BACHARELADO;RECURSOS NATURAIS;ENGENHARIA AGRONÔMICA;1.052
BACHARELADO;RECURSOS NATURAIS;ENGENHARIA DE AQUICULTURA;1.000
BACHARELADO;RECURSOS NATURAIS;ENGENHARIA DE ENERGIAS RENOVÁVEIS;1.137
BACHARELADO;RECURSOS NATURAIS;ENGENHARIA DE MINAS;1.137
BACHARELADO;RECURSOS NATURAIS;ENGENHARIA DE PESCA;1.000
BACHARELADO;RECURSOS NATURAIS;ENGENHARIA FLORESTAL;1.035
BACHARELADO;RECURSOS NATURAIS;GEOLOGIA;1.037
BACHARELADO;RECURSOS NATURAIS;MEDICINA VETERINÁRIA;1.037
BACHARELADO;RECURSOS NATURAIS;ZOOTECNIA;1.045
BACHARELADO;TURISMO, HOSPITALIDADE E LAZER;TURISMO;1.069
APERFEIÇOAMENTO TECNOLÓGICO;"""TODOS""";"""TODOS""";1.000
ESPECIALIZAÇÃO (LATO SENSU/PROFISSIONAL TECNOLÓGICA);"""TODOS""";"""TODOS""";1.000
MESTRADO (ACADÊMICO/PROFISSIONAL);"""TODOS""";"""TODOS""";1.000
DOUTORADO (ACADÊMICO/PROFISSIONAL);"""TODOS""";"""TODOS""";1.000
