Instituicao;UF;Campus;AnoCriacaoCampus;MatriculaTotalPresencialEqualizada;MatriculaTotalEadEqualizada;MatriculaTotalEadMoocEqualizada;MatriculaTotalEadFpEqualizada
INSTITUTO FEDERAL DO ACRE;AC;CAMPUS AVANÇADO RIO BRANCO BAIXADA DO SOL;2021;1175.629365;0;0;0
INSTITUTO FEDERAL DO ACRE;AC;CAMPUS CRUZEIRO DO SUL;2010;2834.032462;0;0;0
INSTITUTO FEDERAL DO ACRE;AC;CAMPUS RIO BRANCO;2010;3048.504099;35.263956;0;0
INSTITUTO FEDERAL DO ACRE;AC;CAMPUS SENA MADUREIRA;2010;1496.859657;47.887226;0;0
INSTITUTO FEDERAL DO ACRE;AC;CAMPUS TARAUACÁ;2013;1832.596491;0;0;0
INSTITUTO FEDERAL DO ACRE;AC;CAMPUS XAPURI;2013;1477.356295;0;0;0
INSTITUTO FEDERAL DE ALAGOAS;AL;CAMPUS ARAPIRACA;2010;1873.516498;80.378691;0;0
INSTITUTO FEDERAL DE ALAGOAS;AL;CAMPUS AVANÇADO MACEIÓ BENEDITO BENTES;2016;705.316857;0;0;1.022303
INSTITUTO FEDERAL DE ALAGOAS;AL;CAMPUS BATALHA;2014;1427.566491;0;0;0
INSTITUTO FEDERAL DE ALAGOAS;AL;CAMPUS CORURIPE;2014;1394.138373;35.036452;0;0
INSTITUTO FEDERAL DE ALAGOAS;AL;CAMPUS MACEIÓ;2013;9616.824273;255.963066;0;0
INSTITUTO FEDERAL DE ALAGOAS;AL;CAMPUS MARAGOGI;2013;1629.346999;377.65595;0;0
INSTITUTO FEDERAL DE ALAGOAS;AL;CAMPUS MARECHAL DEODORO;2013;1908.933708;0;0;0
INSTITUTO FEDERAL DE ALAGOAS;AL;CAMPUS MURICI;2015;2398.705064;365.042075;0;49.045383
INSTITUTO FEDERAL DE ALAGOAS;AL;CAMPUS PALMEIRA DOS ÍNDIOS;2013;3782.167527;379.798854;0;0
INSTITUTO FEDERAL DE ALAGOAS;AL;CAMPUS PENEDO;2010;1551.638266;445.107048;0;23.451092
INSTITUTO FEDERAL DE ALAGOAS;AL;CAMPUS PIRANHAS;2013;3721.34475;317.703744;0;0
INSTITUTO FEDERAL DE ALAGOAS;AL;CAMPUS RIO LARGO;2014;349.422578;0;0;0
INSTITUTO FEDERAL DE ALAGOAS;AL;CAMPUS SANTANA DO IPANEMA;2013;1629.293036;386.920515;0;0
INSTITUTO FEDERAL DE ALAGOAS;AL;CAMPUS SÃO MIGUEL DOS CAMPOS;2013;1158.914203;0;0;3.428571
INSTITUTO FEDERAL DE ALAGOAS;AL;CAMPUS SATUBA;2013;3447.09145;0;0;0
INSTITUTO FEDERAL DE ALAGOAS;AL;CAMPUS UNIAO DOS PALMARES;0;0;0;0;0
INSTITUTO FEDERAL DE ALAGOAS;AL;CAMPUS VIÇOSA;2014;644.573802;302.374348;0;0
INSTITUTO FEDERAL DO AMAZONAS;AM;CAMPUS AVANÇADO BOCA DO ACRE;2018;266.881939;0;0;0
INSTITUTO FEDERAL DO AMAZONAS;AM;CAMPUS COARI;2009;1564.980327;0;0;0
INSTITUTO FEDERAL DO AMAZONAS;AM;CAMPUS EIRUNEPÉ;2016;1466.88448;108.074227;0;8.984874
INSTITUTO FEDERAL DO AMAZONAS;AM;CAMPUS HUMAITÁ;2013;1299.297446;0;0;90.27177
INSTITUTO FEDERAL DO AMAZONAS;AM;CAMPUS IRANDUBA;2018;464.656016;0;0;0
INSTITUTO FEDERAL DO AMAZONAS;AM;CAMPUS ITACOATIARA;2016;1437.88661;0.080673;0;0
INSTITUTO FEDERAL DO AMAZONAS;AM;CAMPUS LÁBREA;2010;1751.355011;1.671841;0;34.334004
INSTITUTO FEDERAL DO AMAZONAS;AM;CAMPUS MANACAPURU;2014;965.762508;1.565943;0;0
INSTITUTO FEDERAL DO AMAZONAS;AM;CAMPUS MANAUS CENTRO;2009;8204.696353;0;0;0
INSTITUTO FEDERAL DO AMAZONAS;AM;CAMPUS MANAUS DISTRITO INDUSTRIAL;2009;3049.850078;0;0;0
INSTITUTO FEDERAL DO AMAZONAS;AM;CAMPUS MANAUS ZONA LESTE;2009;5809.073185;1483.032104;0;0
INSTITUTO FEDERAL DO AMAZONAS;AM;CAMPUS MAUÉS;2010;1487.065189;0;0;0
INSTITUTO FEDERAL DO AMAZONAS;AM;CAMPUS PARINTINS;2010;2692.999196;0;0;0
INSTITUTO FEDERAL DO AMAZONAS;AM;CAMPUS PRESIDENTE FIGUEIREDO;2010;2415.361026;1.537441;0;0
INSTITUTO FEDERAL DO AMAZONAS;AM;CAMPUS SÃO GABRIEL DA CACHOEIRA;2009;1770.114158;0;0;0
INSTITUTO FEDERAL DO AMAZONAS;AM;CAMPUS TABATINGA;2010;1720.129557;4.91983;0;15.585766
INSTITUTO FEDERAL DO AMAZONAS;AM;CAMPUS TEFÉ;2016;1556.501829;0.99987;0;0
INSTITUTO FEDERAL DO AMAPA;AP;CAMPUS LARANJAL DO JARI;2010;2583.880933;34.048515;0;130.810552
INSTITUTO FEDERAL DO AMAPA;AP;CAMPUS MACAPÁ;2010;6131.12889;47.206675;0;171.339883
INSTITUTO FEDERAL DO AMAPA;AP;CAMPUS OIAPOQUE;2016;424.52775;0;0;665.70146
INSTITUTO FEDERAL DO AMAPA;AP;CAMPUS PEDRA BRANCA DO AMAPARI;2025;49.215017;56.69877;0;160.837057
INSTITUTO FEDERAL DO AMAPA;AP;CAMPUS PORTO GRANDE;2016;2801.991639;0;0;63.775
INSTITUTO FEDERAL DO AMAPA;AP;CAMPUS SANTANA;2015;1151.761786;11.455556;0;164.493978
INSTITUTO FEDERAL DO AMAPA;AP;CAMPUS TARTARUGALZINHO;2026;0;0;0;0
INSTITUTO FEDERAL DA BAHIA;BA;CAMPUS AVANÇADO UBAITABA;2015;188.377945;82.308716;0;104.121277
INSTITUTO FEDERAL DA BAHIA;BA;CAMPUS BARREIRAS;2009;2256.137117;141.528774;0;0
INSTITUTO FEDERAL DA BAHIA;BA;CAMPUS BRUMADO;2013;1398.932686;112.478052;0;0
INSTITUTO FEDERAL DA BAHIA;BA;CAMPUS CAMAÇARI;2009;1397.524859;224.942324;0;8
INSTITUTO FEDERAL DA BAHIA;BA;CAMPUS CAMPO FORMOSO;2024;260.955707;0;0;0
INSTITUTO FEDERAL DA BAHIA;BA;CAMPUS EUCLIDES DA CUNHA;2015;871.174772;7.5;0;1.0625
INSTITUTO FEDERAL DA BAHIA;BA;CAMPUS EUNÁPOLIS;2009;2385.61297;12.127437;0;0
INSTITUTO FEDERAL DA BAHIA;BA;CAMPUS FEIRA DE SANTANA;2011;1723.2398;4.538487;0;0
INSTITUTO FEDERAL DA BAHIA;BA;CAMPUS ILHÉUS;2011;2551.515579;402.149079;133.825;0
INSTITUTO FEDERAL DA BAHIA;BA;CAMPUS IRECÊ;2010;1701.556457;54.152961;0;0
INSTITUTO FEDERAL DA BAHIA;BA;CAMPUS JACOBINA;2011;1610.235431;0;0;0
INSTITUTO FEDERAL DA BAHIA;BA;CAMPUS JAGUAQUARA;2024;268.267536;0;0;0
INSTITUTO FEDERAL DA BAHIA;BA;CAMPUS JEQUIÉ;2010;1674.63149;0;0;0
INSTITUTO FEDERAL DA BAHIA;BA;CAMPUS JUAZEIRO;2015;1226.4192;50.000855;0;0
INSTITUTO FEDERAL DA BAHIA;BA;CAMPUS LAURO DE FREITAS;2016;1220.202383;0.075761;0;0
INSTITUTO FEDERAL DA BAHIA;BA;CAMPUS PAULO AFONSO;2010;1309.569652;64.967378;0;0
INSTITUTO FEDERAL DA BAHIA;BA;CAMPUS POÇÕES;2026;0;0;0;0
INSTITUTO FEDERAL DA BAHIA;BA;CAMPUS PORTO SEGURO;2009;1829.138835;180.65;0;0
INSTITUTO FEDERAL DA BAHIA;BA;CAMPUS SALVADOR;2009;10725.041483;338.920767;0;3.8
INSTITUTO FEDERAL DA BAHIA;BA;CAMPUS SANTO AMARO;2009;1338.070795;36.58348;0;0
INSTITUTO FEDERAL DA BAHIA;BA;CAMPUS SANTO ANTÔNIO DE JESUS;2016;951.138226;20;0;0
INSTITUTO FEDERAL DA BAHIA;BA;CAMPUS SEABRA;2010;954.555307;58.993151;0;0
INSTITUTO FEDERAL DA BAHIA;BA;CAMPUS SIMÕES FILHO;2009;2743.693529;1.451613;0;0
INSTITUTO FEDERAL DA BAHIA;BA;CAMPUS VALENÇA TENTO;2009;2545.93042;40;0;0
INSTITUTO FEDERAL DA BAHIA;BA;CAMPUS VITÓRIA DA CONQUISTA;2009;4872.284819;0;0;0
INSTITUTO FEDERAL BAIANO;BA;CAMPUS ALAGOINHAS;2016;2369.055017;58.829791;0;147.766169
INSTITUTO FEDERAL BAIANO;BA;CAMPUS BOM JESUS DA LAPA;2010;2395.503999;0;0;142.460054
INSTITUTO FEDERAL BAIANO;BA;CAMPUS CATU;2009;2861.69754;0;0;303.444091
INSTITUTO FEDERAL BAIANO;BA;CAMPUS GOVERNADOR MANGABEIRA;2013;1859.487041;81.528302;0;679.424662
INSTITUTO FEDERAL BAIANO;BA;CAMPUS GUANAMBI;2009;4310.123713;5.134021;0;728.263325
INSTITUTO FEDERAL BAIANO;BA;CAMPUS ITABERABA;2016;2030.353996;31.797425;0;222.877822
INSTITUTO FEDERAL BAIANO;BA;CAMPUS ITAPETINGA;2009;2537.370906;0;0;21.681669
INSTITUTO FEDERAL BAIANO;BA;CAMPUS REMANSO;2026;0;0;0;0
INSTITUTO FEDERAL BAIANO;BA;CAMPUS RIBEIRÃO DO POMBAL;2026;0;0;0;0
INSTITUTO FEDERAL BAIANO;BA;CAMPUS RUY BARBOSA;2026;0;0;0;0
INSTITUTO FEDERAL BAIANO;BA;CAMPUS SANTA INÊS;2009;3099.400882;0;0;136.297854
INSTITUTO FEDERAL BAIANO;BA;CAMPUS SANTO ESTÊVÃO;2026;0;0;0;0
INSTITUTO FEDERAL BAIANO;BA;CAMPUS SENHOR DO BONFIM;2009;3239.355875;31.688482;0;1478.424132
INSTITUTO FEDERAL BAIANO;BA;CAMPUS SERRINHA;2016;1740.061706;0;0;201.083442
INSTITUTO FEDERAL BAIANO;BA;CAMPUS TEIXEIRA DE FREITAS;2009;1628.657681;0.421617;0;145.268516
INSTITUTO FEDERAL BAIANO;BA;CAMPUS URUÇUCA;2009;1234.439551;0;0;403.676457
INSTITUTO FEDERAL BAIANO;BA;CAMPUS VALENÇA;2009;2635.15836;0;0;194.633006
INSTITUTO FEDERAL BAIANO;BA;CAMPUS XIQUE-XIQUE;2016;1322.919843;0;0;327.304204
INSTITUTO FEDERAL BAIANO;BA;CENTRO DE REFERENCIA DOIS DE JULHO;0;0;0;0;0
INSTITUTO FEDERAL DO CEARA;CE;CAMPUS ACARAÚ;2010;2381.828518;0;0;0
INSTITUTO FEDERAL DO CEARA;CE;CAMPUS ACOPIARA;2017;867.722168;0;0;0
INSTITUTO FEDERAL DO CEARA;CE;CAMPUS ARACATI;2010;2132.72377;0;0;0
INSTITUTO FEDERAL DO CEARA;CE;CAMPUS AVANÇADO JAGUARUANA;2014;413.202823;0;0;31.527427
INSTITUTO FEDERAL DO CEARA;CE;CAMPUS AVANÇADO MOMBAÇA;2018;162.705536;0;0;0
INSTITUTO FEDERAL DO CEARA;CE;CAMPUS BATURITÉ;2013;1160.144753;0;0;113.702462
INSTITUTO FEDERAL DO CEARA;CE;CAMPUS BOA VIAGEM;2016;1531.30232;0;0;0
INSTITUTO FEDERAL DO CEARA;CE;CAMPUS CAMOCIM;2013;990.172101;0;0;0
INSTITUTO FEDERAL DO CEARA;CE;CAMPUS CANINDÉ;2010;1860.93196;0;0;0
INSTITUTO FEDERAL DO CEARA;CE;CAMPUS CAUCAIA;2013;2528.341549;1807.209836;0;90.225149
INSTITUTO FEDERAL DO CEARA;CE;CAMPUS CEDRO;1995;2808.920683;0;0;24.915678
INSTITUTO FEDERAL DO CEARA;CE;CAMPUS CRATEUS;2010;2569.754692;0;0;0
INSTITUTO FEDERAL DO CEARA;CE;CAMPUS CRATO;1947;3818.106515;0;0;0
INSTITUTO FEDERAL DO CEARA;CE;CAMPUS FORTALEZA;1909;11773.938087;0;0;467.546827
INSTITUTO FEDERAL DO CEARA;CE;CAMPUS GUARAMIRANGA;2014;150.029996;0;0;121.393529
INSTITUTO FEDERAL DO CEARA;CE;CAMPUS HORIZONTE;2016;530.372231;0;0;83.812674
INSTITUTO FEDERAL DO CEARA;CE;CAMPUS IGUATU;1955;3669.436117;0;0;0
INSTITUTO FEDERAL DO CEARA;CE;CAMPUS ITAPIPOCA;2016;1348.360048;0;0;0
INSTITUTO FEDERAL DO CEARA;CE;CAMPUS JAGUARIBE;2013;1035.105552;0;0;0
INSTITUTO FEDERAL DO CEARA;CE;CAMPUS JUAZEIRO DO NORTE;1995;9483.150121;1280.744449;0;172.883642
INSTITUTO FEDERAL DO CEARA;CE;CAMPUS LIMOEIRO DO NORTE;2008;3489.599667;0;0;76.0873
INSTITUTO FEDERAL DO CEARA;CE;CAMPUS MARACANAÚ;2006;3985.736691;0;0;0
INSTITUTO FEDERAL DO CEARA;CE;CAMPUS MARANGUAPE;2017;1082.378269;572.516097;0;166.568017
INSTITUTO FEDERAL DO CEARA;CE;CAMPUS MORADA NOVA;2013;1017.05192;0;0;0
INSTITUTO FEDERAL DO CEARA;CE;CAMPUS PARACURU;2016;682.957903;528.297254;0;97.315314
INSTITUTO FEDERAL DO CEARA;CE;CAMPUS PECÉM;2016;1555.163463;0;0;20.025603
INSTITUTO FEDERAL DO CEARA;CE;CAMPUS QUIXADÁ;2008;2360.884244;0;0;123.894272
INSTITUTO FEDERAL DO CEARA;CE;CAMPUS SOBRAL;2008;3268.81828;0;0;107.04263
INSTITUTO FEDERAL DO CEARA;CE;CAMPUS TABULEIRO DO NORTE;2013;1258.399626;0;0;37.243769
INSTITUTO FEDERAL DO CEARA;CE;CAMPUS TAUÁ;2013;1259.721855;0;0;0
INSTITUTO FEDERAL DO CEARA;CE;CAMPUS TIANGUÁ;2013;1553.252598;0;0;81.065562
INSTITUTO FEDERAL DO CEARA;CE;CAMPUS UBAJARA;2013;1148.063651;0;0;0
INSTITUTO FEDERAL DO CEARA;CE;CAMPUS UMIRIM;2013;1156.627594;0;0;31.153399
INSTITUTO FEDERAL DE BRASILIA;DF;CAMPUS AVANÇADO SOBRADINHO;0;0;0;0;0
INSTITUTO FEDERAL DE BRASILIA;DF;CAMPUS BRASÍLIA;2010;3419.744382;247.668311;0;481.680764
INSTITUTO FEDERAL DE BRASILIA;DF;CAMPUS CEILÂNDIA;2013;3111.358152;5.654506;0;667.304818
INSTITUTO FEDERAL DE BRASILIA;DF;CAMPUS ESTRUTURAL;2013;1719.268281;39.760349;0;36.030217
INSTITUTO FEDERAL DE BRASILIA;DF;CAMPUS GAMA;2010;2040.241585;0;0;295.012873
INSTITUTO FEDERAL DE BRASILIA;DF;CAMPUS PLANALTINA;2009;4343.459054;537.318415;0;709.92371
INSTITUTO FEDERAL DE BRASILIA;DF;CAMPUS RECANTO DAS EMAS;2018;1183.601002;485.241042;0;48.011885
INSTITUTO FEDERAL DE BRASILIA;DF;CAMPUS RIACHO FUNDO;2013;1961.645418;90.123457;0;0
INSTITUTO FEDERAL DE BRASILIA;DF;CAMPUS SAMAMBAIA;2010;2649.83478;123.406739;0;58.197989
INSTITUTO FEDERAL DE BRASILIA;DF;CAMPUS SÃO SEBASTIÃO;2013;1584.059863;181.669066;0.1;0.744485
INSTITUTO FEDERAL DE BRASILIA;DF;CAMPUS TAGUATINGA;2010;2370.427776;101.211647;0;1.2375
INSTITUTO FEDERAL DO ESPIRITO SANTO;ES;CAMPUS ALEGRE;2009;4129.138842;117.099955;0;15.745066
INSTITUTO FEDERAL DO ESPIRITO SANTO;ES;CAMPUS ARACRUZ;2009;2334.156226;0;60.23125;0
INSTITUTO FEDERAL DO ESPIRITO SANTO;ES;CAMPUS AVANCADO VIANA;0;0;0;0;0
INSTITUTO FEDERAL DO ESPIRITO SANTO;ES;CAMPUS BARRA DE SÃO FRANCISCO;2016;1121.925707;0;0;1.8375
INSTITUTO FEDERAL DO ESPIRITO SANTO;ES;CAMPUS CACHOEIRO DE ITAPEMIRIM;2009;2293.184256;0;0;10.708989
INSTITUTO FEDERAL DO ESPIRITO SANTO;ES;CAMPUS CARIACICA;2009;2813.276416;111.370274;0;0
INSTITUTO FEDERAL DO ESPIRITO SANTO;ES;CAMPUS CENTRO SERRANO;2016;1084.714039;0;0;271.679916
INSTITUTO FEDERAL DO ESPIRITO SANTO;ES;CAMPUS COLATINA;2009;1794.395339;0.076324;0;54.629599
INSTITUTO FEDERAL DO ESPIRITO SANTO;ES;CAMPUS GUARAPARI;2013;2125.75208;0;3.4875;50.837728
INSTITUTO FEDERAL DO ESPIRITO SANTO;ES;CAMPUS IBATIBA;2010;2118.668304;7.35;91.44375;6.717568
INSTITUTO FEDERAL DO ESPIRITO SANTO;ES;CAMPUS ITAPINA;2009;4302.414928;36.340684;0;5.005251
INSTITUTO FEDERAL DO ESPIRITO SANTO;ES;CAMPUS LARANJA DA TERRA;0;0;0;0;0
INSTITUTO FEDERAL DO ESPIRITO SANTO;ES;CAMPUS LINHARES;2009;1893.474161;0;0;82.075398
INSTITUTO FEDERAL DO ESPIRITO SANTO;ES;CAMPUS MONTANHA;2014;1873.831953;0;0;56.923156
INSTITUTO FEDERAL DO ESPIRITO SANTO;ES;CAMPUS NOVA VENÉCIA;2009;1659.528629;0;0;163.053923
INSTITUTO FEDERAL DO ESPIRITO SANTO;ES;CAMPUS PEDRO CANARIO;0;0;0;0;0
INSTITUTO FEDERAL DO ESPIRITO SANTO;ES;CAMPUS PIÚMA;2013;2781.642497;321.525574;0;30.816959
INSTITUTO FEDERAL DO ESPIRITO SANTO;ES;CAMPUS PRESIDENTE KENNEDY;2021;12.153125;0;0;2.007844
INSTITUTO FEDERAL DO ESPIRITO SANTO;ES;CAMPUS SANTA TERESA;2009;3056.82915;0;0;0
INSTITUTO FEDERAL DO ESPIRITO SANTO;ES;CAMPUS SÃO MATEUS;2009;2264.155482;0;0;69.924643
INSTITUTO FEDERAL DO ESPIRITO SANTO;ES;CAMPUS SERRA;2009;2833.609075;321.28964;23.5125;175.861359
INSTITUTO FEDERAL DO ESPIRITO SANTO;ES;CAMPUS VENDA NOVA DO IMIGRANTE;2013;1998.666643;0;56.7;5.750182
INSTITUTO FEDERAL DO ESPIRITO SANTO;ES;CAMPUS VIANA;2014;578.533596;0;0;97.012463
INSTITUTO FEDERAL DO ESPIRITO SANTO;ES;CAMPUS VILA VELHA;2010;2911.408191;0;0;227.679377
INSTITUTO FEDERAL DO ESPIRITO SANTO;ES;CAMPUS VITÓRIA;2009;7594.650344;1429.614857;70.809375;142.88555
INSTITUTO FEDERAL DO ESPIRITO SANTO;ES;CENTRO DE REFERENCIA EM FORMACAO E EDUCACAO A DISTANCIA;0;3;1212.15213;922.689375;1205.657181
INSTITUTO FEDERAL DE GOIAS;GO;CAMPUS ÁGUAS LINDAS DE GOIÁS;2014;1293.995669;45.274076;0;16.091463
INSTITUTO FEDERAL DE GOIAS;GO;CAMPUS ANÁPOLIS;2009;1821.441116;173.795086;0;76.91129
INSTITUTO FEDERAL DE GOIAS;GO;CAMPUS APARECIDA DE GOIÂNIA;2012;1980.840214;187.167187;0;0
INSTITUTO FEDERAL DE GOIAS;GO;CAMPUS CIDADE DE GOIÁS;2012;1012.982086;1109.255469;0;0
INSTITUTO FEDERAL DE GOIAS;GO;CAMPUS FORMOSA;2009;1509.473467;22.019531;0;143.25
INSTITUTO FEDERAL DE GOIAS;GO;CAMPUS GOIÂNIA;2009;6861.314293;35.204857;0;342.925
INSTITUTO FEDERAL DE GOIAS;GO;CAMPUS GOIÂNIA OESTE;2014;1481.139161;317.952048;0;339.432701
INSTITUTO FEDERAL DE GOIAS;GO;CAMPUS INHUMAS;2009;1373.030702;168.3775;0;23.587174
INSTITUTO FEDERAL DE GOIAS;GO;CAMPUS ITUMBIARA;2009;1745.047007;265.562501;0;0
INSTITUTO FEDERAL DE GOIAS;GO;CAMPUS JATAÍ;2009;1688.274864;151.300747;0;26.475
INSTITUTO FEDERAL DE GOIAS;GO;CAMPUS LUZIÂNIA;2009;1888.387901;1462.112745;0;79.894531
INSTITUTO FEDERAL DE GOIAS;GO;CAMPUS NOVO GAMA;0;0;0;0;0
INSTITUTO FEDERAL DE GOIAS;GO;CAMPUS QUIRINOPÓLIS;2026;0;0;0;0
INSTITUTO FEDERAL DE GOIAS;GO;CAMPUS SENADOR CANEDO;2014;1046.582575;195.839126;0;0
INSTITUTO FEDERAL DE GOIAS;GO;CAMPUS URUAÇU;2009;1906.419925;202.941353;0;285.167352
INSTITUTO FEDERAL DE GOIAS;GO;CAMPUS VALPARAÍSO DE GOIÁS;2015;1468.898922;9.097826;0;22.469531
INSTITUTO FEDERAL GOIANO;GO;CAMPUS CAMPOS BELOS;2016;1612.046326;0;0;33.99459
INSTITUTO FEDERAL GOIANO;GO;CAMPUS CATALÃO;2014;716.022677;240.61729;0;20.8
INSTITUTO FEDERAL GOIANO;GO;CAMPUS CERES;2008;3851.696863;11.693182;0;0
INSTITUTO FEDERAL GOIANO;GO;CAMPUS CRISTALINA;2014;2290.35476;76.612488;0;528.931444
INSTITUTO FEDERAL GOIANO;GO;CAMPUS HIDROLÂNDIA;2014;1512.537771;565.690182;0;19.96
INSTITUTO FEDERAL GOIANO;GO;CAMPUS IPAMERI;2014;631.323513;323.145985;0;269.497715
INSTITUTO FEDERAL GOIANO;GO;CAMPUS IPORÁ;2008;2458.044651;758.361064;23.8125;457.61536
INSTITUTO FEDERAL GOIANO;GO;CAMPUS MORRINHOS;2008;3427.291127;260.265234;0;250.18909
INSTITUTO FEDERAL GOIANO;GO;CAMPUS PORANGATU;2026;0;0;0;0
INSTITUTO FEDERAL GOIANO;GO;CAMPUS POSSE;2015;2079.726822;103.888325;0;55.1625
INSTITUTO FEDERAL GOIANO;GO;CAMPUS RIO VERDE;2008;6081.225284;11.780182;0;60.405904
INSTITUTO FEDERAL GOIANO;GO;CAMPUS TRINDADE;2016;2224.087401;0;0;23.769523
INSTITUTO FEDERAL GOIANO;GO;CAMPUS URUTAÍ;2008;4787.023188;233.109543;0;1.03883
INSTITUTO FEDERAL DO MARANHAO;MA;CAMPUS AÇAILÂNDIA;2009;3144.09834;0;0;0
INSTITUTO FEDERAL DO MARANHAO;MA;CAMPUS ALCÂNTARA;2010;709.161406;0;0;0
INSTITUTO FEDERAL DO MARANHAO;MA;CAMPUS ARAIOSES;2016;651.831975;0;0;0
INSTITUTO FEDERAL DO MARANHAO;MA;CAMPUS AVANÇADO PORTO FRANCO;2014;581.597435;0;0;0
INSTITUTO FEDERAL DO MARANHAO;MA;CAMPUS AVANÇADO ROSÁRIO;2014;263.121273;0;0;0
INSTITUTO FEDERAL DO MARANHAO;MA;CAMPUS BACABAL;2010;1129.264562;0;0;0
INSTITUTO FEDERAL DO MARANHAO;MA;CAMPUS BARRA DO CORDA;2010;1811.637364;24.511426;0;0
INSTITUTO FEDERAL DO MARANHAO;MA;CAMPUS BARREIRINHAS;2010;2846.826764;0;0;0
INSTITUTO FEDERAL DO MARANHAO;MA;CAMPUS BURITICUPU;2009;2272.66828;0;0;0
INSTITUTO FEDERAL DO MARANHAO;MA;CAMPUS CAROLINA;2014;226.716997;0;0;222.049034
INSTITUTO FEDERAL DO MARANHAO;MA;CAMPUS CAXIAS;2010;3438.41047;487.128134;0;658.853809
INSTITUTO FEDERAL DO MARANHAO;MA;CAMPUS CODÓ;2009;4545.974235;0;0;0
INSTITUTO FEDERAL DO MARANHAO;MA;CAMPUS COELHO NETO;2013;1390.733907;0;0;0
INSTITUTO FEDERAL DO MARANHAO;MA;CAMPUS COLINAS;2026;0;0;0;0
INSTITUTO FEDERAL DO MARANHAO;MA;CAMPUS GRAJAÚ;2013;1629.551577;0;0;0
INSTITUTO FEDERAL DO MARANHAO;MA;CAMPUS IMPERATRIZ;2009;3988.542976;0;0;0
INSTITUTO FEDERAL DO MARANHAO;MA;CAMPUS ITAPECURU MIRIM;2016;597.408851;0;0;0
INSTITUTO FEDERAL DO MARANHAO;MA;CAMPUS MIRINZAL;2024;0;0;0;0
INSTITUTO FEDERAL DO MARANHAO;MA;CAMPUS PEDREIRAS;2013;2213.539048;0;0;204.882354
INSTITUTO FEDERAL DO MARANHAO;MA;CAMPUS PINHEIRO;2010;1424.622159;0;0;30.188807
INSTITUTO FEDERAL DO MARANHAO;MA;CAMPUS PRESIDENTE DUTRA;2020;695.733301;0;0;0
INSTITUTO FEDERAL DO MARANHAO;MA;CAMPUS SANTA INÊS;2009;3168.941593;0;0;0
INSTITUTO FEDERAL DO MARANHAO;MA;CAMPUS SÃO JOÃO DOS PATOS;2010;1701.607928;434.556594;0;0
INSTITUTO FEDERAL DO MARANHAO;MA;CAMPUS SÃO JOSÉ DE RIBAMAR;2014;1512.170953;0;0;61.65
INSTITUTO FEDERAL DO MARANHAO;MA;CAMPUS SÃO LUÍS CENTRO HISTÓRICO;2009;2044.074161;3.253846;0;0
INSTITUTO FEDERAL DO MARANHAO;MA;CAMPUS SÃO LUÍS MARACANÃ;2009;5348.195084;391.162143;0;2307.662013
INSTITUTO FEDERAL DO MARANHAO;MA;CAMPUS SÃO LUÍS MONTE CASTELO;2009;7222.583478;421.352778;0;8.071882
INSTITUTO FEDERAL DO MARANHAO;MA;CAMPUS SÃO RAIMUNDO DAS MANGABEIRAS;2010;3527.080206;222.11058;0;174.241309
INSTITUTO FEDERAL DO MARANHAO;MA;CAMPUS TIMON;2010;2295.340202;0;0;313.564431
INSTITUTO FEDERAL DO MARANHAO;MA;CAMPUS VIANA;2014;765.261523;0;0;0
INSTITUTO FEDERAL DO MARANHAO;MA;CAMPUS VITORINO FREIRE;2024;0;0;0;0
INSTITUTO FEDERAL DO MARANHAO;MA;CAMPUS ZÉ DOCA;2009;1539.060721;0;0;0
INSTITUTO FEDERAL DO MARANHAO;MA;CENTRO DE REFERÊNCIA TÉCNOLOGICA;0;0;0;0;0
CENTRO FEDERAL DE EDUCAÇÃO TECNOLÓGICA DE MINAS GERAIS;MG;UNED ARAXÁ;1992;1999.963234;0;0;0
CENTRO FEDERAL DE EDUCAÇÃO TECNOLÓGICA DE MINAS GERAIS;MG;UNED CONTAGEM;2015;1148.863927;0;0;0
CENTRO FEDERAL DE EDUCAÇÃO TECNOLÓGICA DE MINAS GERAIS;MG;UNED CURVELO;2010;1337.677558;0;0;0
CENTRO FEDERAL DE EDUCAÇÃO TECNOLÓGICA DE MINAS GERAIS;MG;UNED DIVINÓPOLIS;1994;1940.777468;0;0;23.282266
CENTRO FEDERAL DE EDUCAÇÃO TECNOLÓGICA DE MINAS GERAIS;MG;UNED LEOPOLDINA;1987;1726.916877;0;0;0
CENTRO FEDERAL DE EDUCAÇÃO TECNOLÓGICA DE MINAS GERAIS;MG;UNED NEPOMUCENO;2006;1045.602934;0;0;0
CENTRO FEDERAL DE EDUCAÇÃO TECNOLÓGICA DE MINAS GERAIS;MG;UNED TIMÓTEO;2006;1869.34639;0;0;0
CENTRO FEDERAL DE EDUCAÇÃO TECNOLÓGICA DE MINAS GERAIS;MG;UNED VARGINHA;2006;1794.200106;0;0;0
CENTRO FEDERAL DE EDUCAÇÃO TECNOLÓGICA DE MINAS GERAIS;MG;UNIDADE BELO HORIZONTE;1909;12666.916141;73.194264;0;1.795082
INSTITUTO FEDERAL DE MINAS GERAIS;MG;CAMPUS ARCOS;2016;1094.493975;34.965265;827.955;331.407952
INSTITUTO FEDERAL DE MINAS GERAIS;MG;CAMPUS BAMBUÍ;2009;5299.074787;0;350.9625;67.458303
INSTITUTO FEDERAL DE MINAS GERAIS;MG;CAMPUS BETIM;2013;2712.209376;0;234.2125;393
INSTITUTO FEDERAL DE MINAS GERAIS;MG;CAMPUS BOM DESPACHO;2026;0;0;0;0
INSTITUTO FEDERAL DE MINAS GERAIS;MG;CAMPUS CONGONHAS;2009;2742.137176;0;71.5125;0
INSTITUTO FEDERAL DE MINAS GERAIS;MG;CAMPUS CONSELHEIRO LAFAIETE;2015;1298.092815;0;127.36875;0
INSTITUTO FEDERAL DE MINAS GERAIS;MG;CAMPUS CONTAGEM;2026;0;0;0;0
INSTITUTO FEDERAL DE MINAS GERAIS;MG;CAMPUS FORMIGA;2009;1342.223492;41.475;170.96875;0
INSTITUTO FEDERAL DE MINAS GERAIS;MG;CAMPUS GOVERNADOR VALADARES;2010;1986.721471;0;163.55;53.070171
INSTITUTO FEDERAL DE MINAS GERAIS;MG;CAMPUS IBIRITÉ;2009;2234.979745;0;161.4375;0
INSTITUTO FEDERAL DE MINAS GERAIS;MG;CAMPUS IPATINGA;2014;1159.09012;0;88.1625;32.471959
INSTITUTO FEDERAL DE MINAS GERAIS;MG;CAMPUS ITABIRITO;2015;1169.100536;0;115.03125;0
INSTITUTO FEDERAL DE MINAS GERAIS;MG;CAMPUS JOÃO MONLEVADE;2026;0;0;0;0
INSTITUTO FEDERAL DE MINAS GERAIS;MG;CAMPUS OURO BRANCO;2013;1968.327069;5.5;96.18;6.1875
INSTITUTO FEDERAL DE MINAS GERAIS;MG;CAMPUS OURO PRETO;2009;4511.051614;0;33.7625;0
INSTITUTO FEDERAL DE MINAS GERAIS;MG;CAMPUS PIUMHI;2014;912.580863;0;92.7;123.625691
INSTITUTO FEDERAL DE MINAS GERAIS;MG;CAMPUS PONTE NOVA;2015;784.62814;0;85.5;13.246027
INSTITUTO FEDERAL DE MINAS GERAIS;MG;CAMPUS RIBEIRÃO DAS NEVES;2013;1661.206094;25.091408;62.075;237.159051
INSTITUTO FEDERAL DE MINAS GERAIS;MG;CAMPUS SABARÁ;2013;1639.020225;52.279412;0;11.051036
INSTITUTO FEDERAL DE MINAS GERAIS;MG;CAMPUS SANTA LUZIA;2013;2136.431144;0;8.05;113.473285
INSTITUTO FEDERAL DE MINAS GERAIS;MG;CAMPUS SÃO JOÃO EVANGELISTA;2009;3783.891833;0;165.035;121.420589
INSTITUTO FEDERAL DO NORTE DE MINAS GERAIS;MG;CAMPUS ALMENARA;2010;2714.273995;0;0;0
INSTITUTO FEDERAL DO NORTE DE MINAS GERAIS;MG;CAMPUS ARAÇUAÍ;2010;2068.720533;0;0;0
INSTITUTO FEDERAL DO NORTE DE MINAS GERAIS;MG;CAMPUS ARINOS;2010;2322.293633;0;0;1487.656619
INSTITUTO FEDERAL DO NORTE DE MINAS GERAIS;MG;CAMPUS DIAMANTINA;2016;1040.388417;0;0;501.532519
INSTITUTO FEDERAL DO NORTE DE MINAS GERAIS;MG;CAMPUS JANAÚBA;2015;702.464869;0;0;63.533372
INSTITUTO FEDERAL DO NORTE DE MINAS GERAIS;MG;CAMPUS JANUÁRIA;2009;4956.910334;0;0;18.675
INSTITUTO FEDERAL DO NORTE DE MINAS GERAIS;MG;CAMPUS MINAS NOVAS;2026;0;0;0;0
INSTITUTO FEDERAL DO NORTE DE MINAS GERAIS;MG;CAMPUS MONTES CLAROS;2010;2609.483351;0;0;4.453608
INSTITUTO FEDERAL DO NORTE DE MINAS GERAIS;MG;CAMPUS PIRAPORA;2010;2173.835117;0;0;262.864347
INSTITUTO FEDERAL DO NORTE DE MINAS GERAIS;MG;CAMPUS PORTEIRINHA;2016;861.322906;0;0;3.575907
INSTITUTO FEDERAL DO NORTE DE MINAS GERAIS;MG;CAMPUS SALINAS;2009;4628.378171;0;0;4.253829
INSTITUTO FEDERAL DO NORTE DE MINAS GERAIS;MG;CAMPUS TEÓFILO OTONI;2016;1345.09713;0;0;775.569046
INSTITUTO FEDERAL DO NORTE DE MINAS GERAIS;MG;CENTRO DE REFERÊNCIA CORINTO;0;0;0;0;273.024994
INSTITUTO FEDERAL DO NORTE DE MINAS GERAIS;MG;CENTRO DE REFERÊNCIA EM EDUCAÇÃO A DISTÂNCIA;0;62.5;2265.33543;0;303.39255
INSTITUTO FEDERAL DO SUDESTE DE MINAS GERAIS;MG;CAMPUS AVANÇADO CATAGUASES;2015;163.605529;0;0;23.356179
INSTITUTO FEDERAL DO SUDESTE DE MINAS GERAIS;MG;CAMPUS AVANÇADO UBÁ;2015;49.133746;30.375;0;277.057285
INSTITUTO FEDERAL DO SUDESTE DE MINAS GERAIS;MG;CAMPUS BARBACENA;2009;4536.416541;0;0;101.740917
INSTITUTO FEDERAL DO SUDESTE DE MINAS GERAIS;MG;CAMPUS BOM SUCESSO;2014;291.015769;0;0;113.482475
INSTITUTO FEDERAL DO SUDESTE DE MINAS GERAIS;MG;CAMPUS JUIZ DE FORA;2009;4879.002865;0;0;101.139115
INSTITUTO FEDERAL DO SUDESTE DE MINAS GERAIS;MG;CAMPUS MANHUAÇU;2015;357.915008;0;0;5.440237
INSTITUTO FEDERAL DO SUDESTE DE MINAS GERAIS;MG;CAMPUS MURIAÉ;2010;2139.88526;0;0;0
INSTITUTO FEDERAL DO SUDESTE DE MINAS GERAIS;MG;CAMPUS RIO POMBA;2009;3986.287569;0;0;751.600692
INSTITUTO FEDERAL DO SUDESTE DE MINAS GERAIS;MG;CAMPUS SANTOS DUMONT;2013;1542.868915;0;0;28.117441
INSTITUTO FEDERAL DO SUDESTE DE MINAS GERAIS;MG;CAMPUS SÃO JOÃO DEL REI;2013;1714.860207;0;0;290.36823
INSTITUTO FEDERAL DO SUL MINAS GERAIS;MG;CAMPUS BOA ESPERANÇA;2026;0;0;0;0
INSTITUTO FEDERAL DO SUL MINAS GERAIS;MG;CAMPUS CARMO DE MINAS;2014;792.452558;652.343808;0;123.936217
INSTITUTO FEDERAL DO SUL MINAS GERAIS;MG;CAMPUS INCONFIDENTES;2009;4998.670227;943.624483;0;5070.177412
INSTITUTO FEDERAL DO SUL MINAS GERAIS;MG;CAMPUS ITAJUBÁ;2026;0;0;0;0
INSTITUTO FEDERAL DO SUL MINAS GERAIS;MG;CAMPUS MACHADO;2009;6227.349364;1825.465332;0;2247.354273
INSTITUTO FEDERAL DO SUL MINAS GERAIS;MG;CAMPUS MUZAMBINHO;2009;6067.900881;0;0;5949.608618
INSTITUTO FEDERAL DO SUL MINAS GERAIS;MG;CAMPUS PASSOS;2013;1745.398723;0;0;968.2236
INSTITUTO FEDERAL DO SUL MINAS GERAIS;MG;CAMPUS POÇOS DE CALDAS;2013;2078.173552;598.774283;0;856.330446
INSTITUTO FEDERAL DO SUL MINAS GERAIS;MG;CAMPUS POUSO ALEGRE;2013;2997.809189;144.916023;0;997.760728
INSTITUTO FEDERAL DO SUL MINAS GERAIS;MG;CAMPUS TRÊS CORAÇÕES;2014;1165.072697;140.85;0;1042.898317
INSTITUTO FEDERAL DO SUL MINAS GERAIS;MG;CENTRO DE REFERÊNCIA ALTEROSA;0;0;0;0;0
INSTITUTO FEDERAL DO SUL MINAS GERAIS;MG;CENTRO DE REFERÊNCIA ANDRELÂNDIA;0;0;0;0;0
INSTITUTO FEDERAL DO SUL MINAS GERAIS;MG;CENTRO DE REFERÊNCIA CAMBUQUIRA;0;0;0;0;0
INSTITUTO FEDERAL DO SUL MINAS GERAIS;MG;CENTRO DE REFERÊNCIA CAPETINGA;0;0;0;0;0
INSTITUTO FEDERAL DO SUL MINAS GERAIS;MG;CENTRO DE REFERÊNCIA CRUZÍLIA;0;0;0;0;0
INSTITUTO FEDERAL DO SUL MINAS GERAIS;MG;CENTRO DE REFERÊNCIA GUARANÉSIA;0;0;0;0;0
INSTITUTO FEDERAL DO SUL MINAS GERAIS;MG;CENTRO DE REFERENCIA ITANHANDU;0;0;0;0;0
INSTITUTO FEDERAL DO SUL MINAS GERAIS;MG;CENTRO DE REFERÊNCIA LAMBARI;0;0;0;0;0
INSTITUTO FEDERAL DO SUL MINAS GERAIS;MG;CENTRO DE REFERÊNCIA MONTE SANTO DE MINAS;0;0;0;0;0
INSTITUTO FEDERAL DO TRIANGULO MINEIRO;MG;CAMPUS AVANÇADO CAMPINA VERDE;2014;547.167124;0;0;60.986292
INSTITUTO FEDERAL DO TRIANGULO MINEIRO;MG;CAMPUS ITUIUTABA;2010;2500.219288;0;0;0
INSTITUTO FEDERAL DO TRIANGULO MINEIRO;MG;CAMPUS PARACATU;2010;2331.244782;0;0;0
INSTITUTO FEDERAL DO TRIANGULO MINEIRO;MG;CAMPUS PATOS DE MINAS;2013;1720.54012;0;0;4
INSTITUTO FEDERAL DO TRIANGULO MINEIRO;MG;CAMPUS PATROCÍNIO;2013;1723.936623;0;0;0
INSTITUTO FEDERAL DO TRIANGULO MINEIRO;MG;CAMPUS SETE LAGOAS;2026;0;0;0;0
INSTITUTO FEDERAL DO TRIANGULO MINEIRO;MG;CAMPUS UBERABA;2009;4702.144699;22.5;0;4
INSTITUTO FEDERAL DO TRIANGULO MINEIRO;MG;CAMPUS UBERABA PARQUE TECNOLÓGICO;2015;1722.940946;2127.319296;0;176.419672
INSTITUTO FEDERAL DO TRIANGULO MINEIRO;MG;CAMPUS UBERLÂNDIA;2009;4124.739529;0;0;71.454634
INSTITUTO FEDERAL DO TRIANGULO MINEIRO;MG;CAMPUS UBERLÂNDIA CENTRO;2013;1423.799492;0;0;25.65
INSTITUTO FEDERAL DE MATO GROSSO DO SUL;MS;CAMPUS AQUIDAUANA;2011;2099.184473;7.930263;178.6625;191.38634
INSTITUTO FEDERAL DE MATO GROSSO DO SUL;MS;CAMPUS CAMPO GRANDE;2011;4385.711884;40.850319;551.0125;413.146964
INSTITUTO FEDERAL DE MATO GROSSO DO SUL;MS;CAMPUS COLNIZA;2026;0;0;0;0
INSTITUTO FEDERAL DE MATO GROSSO DO SUL;MS;CAMPUS CORUMBÁ;2011;2152.062365;3.359659;34.50625;343.626435
INSTITUTO FEDERAL DE MATO GROSSO DO SUL;MS;CAMPUS COXIM;2011;2084.347261;9.072581;57.25;312.51504
INSTITUTO FEDERAL DE MATO GROSSO DO SUL;MS;CAMPUS DOURADOS;2016;1724.258193;62.98033;280.91875;447.081721
INSTITUTO FEDERAL DE MATO GROSSO DO SUL;MS;CAMPUS JARDIM;2016;1460.40299;35.04551;11.2875;432.578588
INSTITUTO FEDERAL DE MATO GROSSO DO SUL;MS;CAMPUS NAVIRAÍ;2016;2739.680702;17.098833;53.553125;82.037015
INSTITUTO FEDERAL DE MATO GROSSO DO SUL;MS;CAMPUS NOVA ANDRADINA;2010;2358.960811;9.821229;30.55625;128.220382
INSTITUTO FEDERAL DE MATO GROSSO DO SUL;MS;CAMPUS PONTA PORÃ;2011;3209.725812;0;176.48125;1036.132264
INSTITUTO FEDERAL DE MATO GROSSO DO SUL;MS;CAMPUS TRÊS LAGOAS;2011;2409.408891;13.146991;92.27625;269.186188
INSTITUTO FEDERAL DE MATO GROSSO;MT;CAMPUS ALTA FLORESTA;2015;2377.378427;0;0;47.632936
INSTITUTO FEDERAL DE MATO GROSSO;MT;CAMPUS AVANÇADO LUCAS DO RIO VERDE;2016;1178.505765;0;0;21.437134
INSTITUTO FEDERAL DE MATO GROSSO;MT;CAMPUS BARRA DO GARÇAS;2010;1974.207696;0;0;12.498639
INSTITUTO FEDERAL DE MATO GROSSO;MT;CAMPUS CÁCERES;2009;3226.241096;0;0;16.07039
INSTITUTO FEDERAL DE MATO GROSSO;MT;CAMPUS CAMPO NOVO DO PARECIS;2009;3485.27037;128.509615;0;0.224754
INSTITUTO FEDERAL DE MATO GROSSO;MT;CAMPUS CAMPO VERDE;2024;1569.877706;0;0;0
INSTITUTO FEDERAL DE MATO GROSSO;MT;CAMPUS CONFRESA;2010;4661.440126;0;0;54.185508
INSTITUTO FEDERAL DE MATO GROSSO;MT;CAMPUS CUIABÁ;2009;9244.486305;3308.548925;0;34.458853
INSTITUTO FEDERAL DE MATO GROSSO;MT;CAMPUS CUIABÁ BELA VISTA;2009;2483.115964;1504.610775;0;38.912496
INSTITUTO FEDERAL DE MATO GROSSO;MT;CAMPUS DIAMANTINO;2014;1397.830888;0;0;6.709748
INSTITUTO FEDERAL DE MATO GROSSO;MT;CAMPUS GUARANTÃ DO NORTE;2016;1631.055855;0;0;102.893692
INSTITUTO FEDERAL DE MATO GROSSO;MT;CAMPUS JUÍNA;2010;2247.012483;0;0;29.70186
INSTITUTO FEDERAL DE MATO GROSSO;MT;CAMPUS PONTES E LACERDA;2009;1984.306254;0;0;0
INSTITUTO FEDERAL DE MATO GROSSO;MT;CAMPUS PRIMAVERA DO LESTE;2013;2675.125635;0;0;13.476614
INSTITUTO FEDERAL DE MATO GROSSO;MT;CAMPUS RONDONÓPOLIS;2010;1729.484958;0;0;7.373167
INSTITUTO FEDERAL DE MATO GROSSO;MT;CAMPUS SÃO VICENTE;2009;4005.133366;0;0;3.538231
INSTITUTO FEDERAL DE MATO GROSSO;MT;CAMPUS SINOP;2016;940.008393;0;0;38.037864
INSTITUTO FEDERAL DE MATO GROSSO;MT;CAMPUS SORRISO;2013;2327.905514;0;0;13.224138
INSTITUTO FEDERAL DE MATO GROSSO;MT;CAMPUS TANGARÁ DA SERRA;2014;696.912528;871.875;0;99.049747
INSTITUTO FEDERAL DE MATO GROSSO;MT;CAMPUS VÁRZEA GRANDE;2013;1547.714929;93.676301;0;7.62931
INSTITUTO FEDERAL DO PARÁ;PA;CAMPUS ABAETETUBA;2009;2916.053221;0;0;2.36399
INSTITUTO FEDERAL DO PARÁ;PA;CAMPUS ALTAMIRA;2009;1410.504595;0;0;0
INSTITUTO FEDERAL DO PARÁ;PA;CAMPUS ANANINDEUA;2016;988.529064;0;0;0
INSTITUTO FEDERAL DO PARÁ;PA;CAMPUS BELÉM;2009;9820.416031;0;0;0
INSTITUTO FEDERAL DO PARÁ;PA;CAMPUS BRAGANÇA;2009;4545.564571;0;0;0
INSTITUTO FEDERAL DO PARÁ;PA;CAMPUS BREVES;2013;2173.673791;0;0;0
INSTITUTO FEDERAL DO PARÁ;PA;CAMPUS CAMETÁ;2016;1610.320249;0;0;0
INSTITUTO FEDERAL DO PARÁ;PA;CAMPUS CASTANHAL;2009;6067.115731;0;0;0
INSTITUTO FEDERAL DO PARÁ;PA;CAMPUS CONCEIÇÃO DO ARAGUAIA;2010;2979.304879;0;0;0
INSTITUTO FEDERAL DO PARÁ;PA;CAMPUS ITAITUBA;2010;2085.45124;0;0;0
INSTITUTO FEDERAL DO PARÁ;PA;CAMPUS MARABÁ INDUSTRIAL;2009;1680.305193;0;0;0
INSTITUTO FEDERAL DO PARÁ;PA;CAMPUS MARABÁ RURAL;2009;2495.260245;0;0;0
INSTITUTO FEDERAL DO PARÁ;PA;CAMPUS ÓBIDOS;2013;1613.258805;0;0;0
INSTITUTO FEDERAL DO PARÁ;PA;CAMPUS PARAGOMINAS;2016;1839.896878;0;0;0
INSTITUTO FEDERAL DO PARÁ;PA;CAMPUS PARAUAPEBAS;2014;1868.138084;0;0;0
INSTITUTO FEDERAL DO PARÁ;PA;CAMPUS SANTARÉM;2010;3522.839862;0;0;0
INSTITUTO FEDERAL DO PARÁ;PA;CAMPUS TUCURUÍ;2009;2790.73623;0;0;0
INSTITUTO FEDERAL DO PARÁ;PA;CAMPUS VIGIA;2014;386.848783;0;0;0
INSTITUTO FEDERAL DA PARAIBA;PB;CAMPUS AVANÇADO AREIA;2020;489.495602;0;0;0
INSTITUTO FEDERAL DA PARAIBA;PB;CAMPUS AVANÇADO JOÃO PESSOA MANGABEIRA;2016;261.404642;0;0;2
INSTITUTO FEDERAL DA PARAIBA;PB;CAMPUS AVANÇADO SOLEDADE;2016;123.523681;0;0;0
INSTITUTO FEDERAL DA PARAIBA;PB;CAMPUS CABEDELO;2009;3755.551884;178.717658;0;3.687824
INSTITUTO FEDERAL DA PARAIBA;PB;CAMPUS CABEDELO CENTRO;2015;423.128963;431.832533;0;187.724428
INSTITUTO FEDERAL DA PARAIBA;PB;CAMPUS CAMPINA GRANDE;2009;6862.92875;0;0;731.487653
INSTITUTO FEDERAL DA PARAIBA;PB;CAMPUS ESPERANÇA;2016;1210.513544;0;0;0
INSTITUTO FEDERAL DA PARAIBA;PB;CAMPUS GUARABIRA;2013;1301.344687;0;0;0
INSTITUTO FEDERAL DA PARAIBA;PB;CAMPUS ITABAIANA;2016;1348.732529;0;0;0
INSTITUTO FEDERAL DA PARAIBA;PB;CAMPUS JOÃO PESSOA;2009;11045.159184;0;0;971.114263
INSTITUTO FEDERAL DA PARAIBA;PB;CAMPUS MONTEIRO;2009;1917.784585;0;0;0
INSTITUTO FEDERAL DA PARAIBA;PB;CAMPUS PEDRAS DE FOGO;2020;541.944993;0;0;0
INSTITUTO FEDERAL DA PARAIBA;PB;CAMPUS PICUÍ;2009;1727.293841;0;0;695.126593
INSTITUTO FEDERAL DA PARAIBA;PB;CAMPUS SANTA RITA;2016;1124.699432;0;0;0
INSTITUTO FEDERAL DO SERTAO PARAIBANO;PB;CAMPUS CAJAZEIRAS;2009;3562.658862;0;0;9.9375
INSTITUTO FEDERAL DO SERTAO PARAIBANO;PB;CAMPUS CATOLÉ DO ROCHA;2015;1498.245766;0;0;0
INSTITUTO FEDERAL DO SERTAO PARAIBANO;PB;CAMPUS ITAPORANGA;2016;1378.103245;0;0;0
INSTITUTO FEDERAL DO SERTAO PARAIBANO;PB;CAMPUS PATOS;2009;2688.453043;38.943066;0;0
INSTITUTO FEDERAL DO SERTAO PARAIBANO;PB;CAMPUS PRINCESA ISABEL;2009;1592.273003;0;0;0
INSTITUTO FEDERAL DO SERTAO PARAIBANO;PB;CAMPUS SANTA LUZIA;2017;632.298704;0;0;0
INSTITUTO FEDERAL DO SERTAO PARAIBANO;PB;CAMPUS SOUSA;2009;3509.406897;0;0;692.666307
INSTITUTO FEDERAL DE PERNAMBUCO;PE;CAMPUS ABREU E LIMA;2018;1526.088442;0;0;22.186022
INSTITUTO FEDERAL DE PERNAMBUCO;PE;CAMPUS AFOGADOS DA INGAZEIRA;2010;1732.968323;0;0;0
INSTITUTO FEDERAL DE PERNAMBUCO;PE;CAMPUS BARREIROS;2009;2377.771898;0;0;0
INSTITUTO FEDERAL DE PERNAMBUCO;PE;CAMPUS BELO JARDIM;2009;2213.033212;0;0;0
INSTITUTO FEDERAL DE PERNAMBUCO;PE;CAMPUS CABO DE SANTO AGOSTINHO;2016;930.784055;0;0;9.146302
INSTITUTO FEDERAL DE PERNAMBUCO;PE;CAMPUS CARUARU;2010;2229.618726;0;0;6.5
INSTITUTO FEDERAL DE PERNAMBUCO;PE;CAMPUS GARANHUNS;2010;2122.112679;0;0;0
INSTITUTO FEDERAL DE PERNAMBUCO;PE;CAMPUS GOIANA;2026;0;0;0;0
INSTITUTO FEDERAL DE PERNAMBUCO;PE;CAMPUS IGARASSU;2013;818.459643;0;0;4.694535
INSTITUTO FEDERAL DE PERNAMBUCO;PE;CAMPUS IPOJUCA;2009;2034.205063;0;0;0
INSTITUTO FEDERAL DE PERNAMBUCO;PE;CAMPUS JABOATÃO DOS GUARARAPES;2013;860.899561;0;0;0
INSTITUTO FEDERAL DE PERNAMBUCO;PE;CAMPUS OLINDA;2016;830.46768;0;0;0
INSTITUTO FEDERAL DE PERNAMBUCO;PE;CAMPUS PALMARES;2014;572.060167;0;0;0
INSTITUTO FEDERAL DE PERNAMBUCO;PE;CAMPUS PAULISTA;2016;927.768254;0;0;0
INSTITUTO FEDERAL DE PERNAMBUCO;PE;CAMPUS PESQUEIRA;2009;2503.699264;0;0;0.635642
INSTITUTO FEDERAL DE PERNAMBUCO;PE;CAMPUS RECIFE;2009;9355.368696;1996.77959;0;50.744667
INSTITUTO FEDERAL DE PERNAMBUCO;PE;CAMPUS VITÓRIA DE SANTO ANTÃO;2009;4239.017808;0;0;0
INSTITUTO FEDERAL DO SERTAO PERNAMBUCANO;PE;CAMPUS FLORESTA;2010;1850.860724;110.641141;0;12.043974
INSTITUTO FEDERAL DO SERTAO PERNAMBUCANO;PE;CAMPUS OURICURI;2009;2434.013148;34.621047;0;76.546875
INSTITUTO FEDERAL DO SERTAO PERNAMBUCANO;PE;CAMPUS PETROLINA;2009;4842.023523;628.182426;0;157.464304
INSTITUTO FEDERAL DO SERTAO PERNAMBUCANO;PE;CAMPUS PETROLINA ZONA RURAL;2009;4071.203962;1.62963;0;110.72106
INSTITUTO FEDERAL DO SERTAO PERNAMBUCANO;PE;CAMPUS SALGUEIRO;2009;2036.770252;51.067848;0;147.667326
INSTITUTO FEDERAL DO SERTAO PERNAMBUCANO;PE;CAMPUS SANTA MARIA DA BOA VISTA;2014;1486.973509;75.75;0;9.859022
INSTITUTO FEDERAL DO SERTAO PERNAMBUCANO;PE;CAMPUS SERRA TALHADA;2014;1466.982831;59.270345;0;20.41686
INSTITUTO FEDERAL DO PIAUI;PI;CAMPUS ALTOS;2026;0;0;0;0
INSTITUTO FEDERAL DO PIAUI;PI;CAMPUS ANGICAL DO PIAUÍ;2010;2164.993973;14.692087;0;0
INSTITUTO FEDERAL DO PIAUI;PI;CAMPUS BARRAS;2026;0;0;0;0
INSTITUTO FEDERAL DO PIAUI;PI;CAMPUS CAMPO MAIOR;2014;1570.231144;173.442645;0;7.803733
INSTITUTO FEDERAL DO PIAUI;PI;CAMPUS COCAL;2014;1833.952184;188.282149;0;0
INSTITUTO FEDERAL DO PIAUI;PI;CAMPUS CORRENTE;2010;2616.538598;357.698621;0;0
INSTITUTO FEDERAL DO PIAUI;PI;CAMPUS ESPERANTINA;2026;0;0;0;0
INSTITUTO FEDERAL DO PIAUI;PI;CAMPUS FLORIANO;2009;3054.986946;0;0;0
INSTITUTO FEDERAL DO PIAUI;PI;CAMPUS JOSÉ DE FREITAS;2016;1246.748924;392.724497;0;0
INSTITUTO FEDERAL DO PIAUI;PI;CAMPUS OEIRAS;2013;1979.211262;8.440563;0;0
INSTITUTO FEDERAL DO PIAUI;PI;CAMPUS PARNAÍBA;2009;2429.00825;373.533186;0;0
INSTITUTO FEDERAL DO PIAUI;PI;CAMPUS PAULISTANA;2010;2206.730683;354.856732;0;210.047639
INSTITUTO FEDERAL DO PIAUI;PI;CAMPUS PEDRO II;2013;1472.215574;163.616195;0;0
INSTITUTO FEDERAL DO PIAUI;PI;CAMPUS PICOS;2009;2012.943786;246.744939;0;0
INSTITUTO FEDERAL DO PIAUI;PI;CAMPUS PIO IX;2014;1167.470884;279.290981;0;0
INSTITUTO FEDERAL DO PIAUI;PI;CAMPUS PIRIPIRI;2010;1920.386833;134.248646;0;0
INSTITUTO FEDERAL DO PIAUI;PI;CAMPUS SÃO JOÃO DO PIAUÍ;2013;2625.306762;121.716135;0;0
INSTITUTO FEDERAL DO PIAUI;PI;CAMPUS SÃO RAIMUNDO NONATO;2010;1625.919128;252.706987;0;0
INSTITUTO FEDERAL DO PIAUI;PI;CAMPUS TERESINA CENTRAL;2009;10664.817251;5372.61318;0;67.784407
INSTITUTO FEDERAL DO PIAUI;PI;CAMPUS TERESINA DIRCEU ARCOVERDE;2014;679.475597;93.436763;0;0
INSTITUTO FEDERAL DO PIAUI;PI;CAMPUS TERESINA ZONA SUL;2009;3886.2245;0;0;9.760537
INSTITUTO FEDERAL DO PIAUI;PI;CAMPUS URUÇUÍ;2010;3243.971058;12.515897;0;0
INSTITUTO FEDERAL DO PIAUI;PI;CAMPUS VALENÇA DO PIAUÍ;2014;2324.555782;127.239734;0;0
INSTITUTO FEDERAL DO PARANA;PR;CAMPUS ASSIS CHATEAUBRIAND;2013;1979.670298;0;0;215.206026
INSTITUTO FEDERAL DO PARANA;PR;CAMPUS ASTORGA;2015;679.880608;13.706224;0;66.051887
INSTITUTO FEDERAL DO PARANA;PR;CAMPUS AVANÇADO ARAPONGAS;2018;320.044412;0;0;825.282506
INSTITUTO FEDERAL DO PARANA;PR;CAMPUS AVANÇADO BARRACÃO;2014;605.505162;7.425;0;814.962901
INSTITUTO FEDERAL DO PARANA;PR;CAMPUS AVANÇADO GOIOERÊ;2015;409.744974;37.125;0;401.581452
INSTITUTO FEDERAL DO PARANA;PR;CAMPUS AVANÇADO GUAIRA;0;0;0;0;0
INSTITUTO FEDERAL DO PARANA;PR;CAMPUS AVANÇADO QUEDAS DO IGUAÇU;2015;521.744541;35.325;0;886.579558
INSTITUTO FEDERAL DO PARANA;PR;CAMPUS CAMPO LARGO;2013;2785.790449;0;0;85.397285
INSTITUTO FEDERAL DO PARANA;PR;CAMPUS CAPANEMA;2015;748.058493;0;0;123.589148
INSTITUTO FEDERAL DO PARANA;PR;CAMPUS CASCAVEL;2014;1427.728559;0;0;178.767296
INSTITUTO FEDERAL DO PARANA;PR;CAMPUS COLOMBO;2016;1543.761879;0;0;356.584592
INSTITUTO FEDERAL DO PARANA;PR;CAMPUS CORONEL VIVIDA;2015;498.114334;0;0;0
INSTITUTO FEDERAL DO PARANA;PR;CAMPUS CURITIBA;2009;4564.456134;0;0;423.410547
INSTITUTO FEDERAL DO PARANA;PR;CAMPUS FOZ DO IGUAÇU;2010;2418.403798;0;0;3.942901
INSTITUTO FEDERAL DO PARANA;PR;CAMPUS IRATI;2013;2042.741406;0;0;1.121926
INSTITUTO FEDERAL DO PARANA;PR;CAMPUS IVAIPORÃ;2013;1359.275396;0;0;118.611932
INSTITUTO FEDERAL DO PARANA;PR;CAMPUS JACAREZINHO;2010;1788.776421;0;0;0
INSTITUTO FEDERAL DO PARANA;PR;CAMPUS JAGUARIAÍVA;2015;966.641049;0;0;145.521905
INSTITUTO FEDERAL DO PARANA;PR;CAMPUS LONDRINA;2013;1378.569472;0;0;156.33424
INSTITUTO FEDERAL DO PARANA;PR;CAMPUS PALMAS;2013;4138.959024;0;0;22.369994
INSTITUTO FEDERAL DO PARANA;PR;CAMPUS PARANAGUÁ;2009;1900.243524;0;0;239.014918
INSTITUTO FEDERAL DO PARANA;PR;CAMPUS PARANAVAÍ;2010;2102.326611;0;0;87.006495
INSTITUTO FEDERAL DO PARANA;PR;CAMPUS PINHAIS;2015;861.446167;0;0;0
INSTITUTO FEDERAL DO PARANA;PR;CAMPUS PITANGA;2015;1376.228045;0;0;0
INSTITUTO FEDERAL DO PARANA;PR;CAMPUS TELÊMACO BORBA;2010;2273.616555;0;0;0
INSTITUTO FEDERAL DO PARANA;PR;CAMPUS UMUARAMA;2010;2134.990941;0;0;0
INSTITUTO FEDERAL DO PARANA;PR;CAMPUS UNIÃO DA VITÓRIA;2015;1094.670246;0;0;193.613166
CENTRO FEDERAL DE EDUCAÇÃO TECNOLÓGICA CELSO SUCKOW DA FONSECA;RJ;UNED ANGRA DOS REIS;2010;1160.453536;0;0;0
CENTRO FEDERAL DE EDUCAÇÃO TECNOLÓGICA CELSO SUCKOW DA FONSECA;RJ;UNED ITAGUAÍ;2010;2213.636738;0;0;0
CENTRO FEDERAL DE EDUCAÇÃO TECNOLÓGICA CELSO SUCKOW DA FONSECA;RJ;UNED MARIA DA GRAÇA;2006;1346.746385;0;0;0
CENTRO FEDERAL DE EDUCAÇÃO TECNOLÓGICA CELSO SUCKOW DA FONSECA;RJ;UNED NOVA FRIBURGO;2008;1114.252758;0;0;0
CENTRO FEDERAL DE EDUCAÇÃO TECNOLÓGICA CELSO SUCKOW DA FONSECA;RJ;UNED NOVA IGUAÇU;2003;3168.294385;0;0;0
CENTRO FEDERAL DE EDUCAÇÃO TECNOLÓGICA CELSO SUCKOW DA FONSECA;RJ;UNED PETRÓPOLIS;2008;1149.210149;0;0;0
CENTRO FEDERAL DE EDUCAÇÃO TECNOLÓGICA CELSO SUCKOW DA FONSECA;RJ;UNED VALENÇA;2009;1014.939403;0;0;0
CENTRO FEDERAL DE EDUCAÇÃO TECNOLÓGICA CELSO SUCKOW DA FONSECA;RJ;UNIDADE MARACANÃ;1978;11901.29092;0;0;3450.331977
COLEGIO PEDRO II;RJ;CAMPUS CENTRO;2016;1828.786281;0;0;28.206224
COLEGIO PEDRO II;RJ;CAMPUS DUQUE DE CAXIAS;2016;1167.896067;0;0;0
COLEGIO PEDRO II;RJ;CAMPUS ENGENHO NOVO I;2016;1028.510925;0;0;0
COLEGIO PEDRO II;RJ;CAMPUS ENGENHO NOVO II;2016;2024.135971;0;0;0
COLEGIO PEDRO II;RJ;CAMPUS HUMAITÁ I;2016;1031.840488;0;0;0
COLEGIO PEDRO II;RJ;CAMPUS HUMAITÁ II;2016;2378.539239;0;0;10.989591
COLEGIO PEDRO II;RJ;CAMPUS NITERÓI;2016;881.807017;0;0;0
COLEGIO PEDRO II;RJ;CAMPUS REALENGO I;2016;1316.499341;0;0;0
COLEGIO PEDRO II;RJ;CAMPUS REALENGO II;2016;4714.878614;0;0;0.406875
COLEGIO PEDRO II;RJ;CAMPUS SÃO CRISTÓVÃO I;2016;2166.005579;0;0;0.508594
COLEGIO PEDRO II;RJ;CAMPUS SÃO CRISTÓVÃO II;2016;1939.14129;0;0;0
COLEGIO PEDRO II;RJ;CAMPUS SÃO CRISTÓVÃO III;2016;1646.876743;0;0;26.883346
COLEGIO PEDRO II;RJ;CAMPUS TIJUCA I;2016;1012.433392;0;0;0
COLEGIO PEDRO II;RJ;CAMPUS TIJUCA II;2016;2436.44822;0;0;4.264746
INSTITUTO FEDERAL FLUMINENSE;RJ;CAMPUS AVANÇADO CAMBUCI;2014;1114.126672;0;0;50.581395
INSTITUTO FEDERAL FLUMINENSE;RJ;CAMPUS BOM JESUS DO ITABAPOANA;2009;2952.589867;0;0;0
INSTITUTO FEDERAL FLUMINENSE;RJ;CAMPUS CABO FRIO;2009;2750.683003;0;0;45.804133
INSTITUTO FEDERAL FLUMINENSE;RJ;CAMPUS CAMPOS CENTRO;2009;11477.594511;0;0;0
INSTITUTO FEDERAL FLUMINENSE;RJ;CAMPUS CAMPOS GUARUS;2009;3033.333361;20.104636;0;4.854757
INSTITUTO FEDERAL FLUMINENSE;RJ;CAMPUS ITABORAÍ;2021;270.831279;45.430762;0;36.085578
INSTITUTO FEDERAL FLUMINENSE;RJ;CAMPUS ITAPERUNA;2009;2387.351351;110.101648;0;0
INSTITUTO FEDERAL FLUMINENSE;RJ;CAMPUS MACAÉ;2009;4437.486411;33.571875;0;0
INSTITUTO FEDERAL FLUMINENSE;RJ;CAMPUS MARICÁ;2015;1882.710873;0;0;0
INSTITUTO FEDERAL FLUMINENSE;RJ;CAMPUS QUISSAMÃ;2013;1068.714648;13.677829;0;23.517588
INSTITUTO FEDERAL FLUMINENSE;RJ;CAMPUS SANTO ANTÔNIO DE PÁDUA;2015;1133.994239;0;0;0
INSTITUTO FEDERAL FLUMINENSE;RJ;CAMPUS SÃO JOÃO DA BARRA;2014;866.630878;0;0;0
INSTITUTO FEDERAL FLUMINENSE;RJ;CENTRO DE REFERÊNCIA EM TECNOLOGIA, INFORMAÇÃO E COMUNICAÇÃO NA EDUCAÇÃO;0;0;0;0;0
INSTITUTO FEDERAL DO RIO DE JANEIRO;RJ;CAMPUS ARRAIAL DO CABO;2013;923.807114;72.904838;0;0
INSTITUTO FEDERAL DO RIO DE JANEIRO;RJ;CAMPUS AVANÇADO CURICICA CIDADE DE DEUS;2026;14.4;0;0;0
INSTITUTO FEDERAL DO RIO DE JANEIRO;RJ;CAMPUS AVANÇADO MESQUITA;2016;78.21685;0;0;34.066569
INSTITUTO FEDERAL DO RIO DE JANEIRO;RJ;CAMPUS AVANÇADO RESENDE;2016;541.649586;0;0;0
INSTITUTO FEDERAL DO RIO DE JANEIRO;RJ;CAMPUS BELFORD ROXO;2018;236.922769;0;0;0
INSTITUTO FEDERAL DO RIO DE JANEIRO;RJ;CAMPUS COMPLEXO DO ALEMAO;2022;97.1625;0;0;0
INSTITUTO FEDERAL DO RIO DE JANEIRO;RJ;CAMPUS DUQUE DE CAXIAS;2009;3246.670943;0;0;0
INSTITUTO FEDERAL DO RIO DE JANEIRO;RJ;CAMPUS ENGENHEIRO PAULO DE FRONTIN;2013;402.482305;111.938352;0;73.690177
INSTITUTO FEDERAL DO RIO DE JANEIRO;RJ;CAMPUS MESQUITA;0;0;0;0;0
INSTITUTO FEDERAL DO RIO DE JANEIRO;RJ;CAMPUS NILÓPOLIS;2009;4086.630405;34.039662;0;35.577502
INSTITUTO FEDERAL DO RIO DE JANEIRO;RJ;CAMPUS NITERÓI;2018;1208.080993;0;0;0
INSTITUTO FEDERAL DO RIO DE JANEIRO;RJ;CAMPUS PARACAMBI;2009;2871.179728;0;0;0
INSTITUTO FEDERAL DO RIO DE JANEIRO;RJ;CAMPUS PINHEIRAL;2009;3707.202357;17.581967;0;0
INSTITUTO FEDERAL DO RIO DE JANEIRO;RJ;CAMPUS REALENGO;2009;2454.160983;0;0;0
INSTITUTO FEDERAL DO RIO DE JANEIRO;RJ;CAMPUS RIO DE JANEIRO;2009;3905.676255;0;0;0
INSTITUTO FEDERAL DO RIO DE JANEIRO;RJ;CAMPUS RIO DE JANEIRO - COMPLEXODO AL;2026;0;0;0;0
INSTITUTO FEDERAL DO RIO DE JANEIRO;RJ;CAMPUS RIO DE JANEIRO - COMPLEXO DO ALEMÃO;2026;0;0;0;0
INSTITUTO FEDERAL DO RIO DE JANEIRO;RJ;CAMPUS RIO DE JANEIRO - PARQUE OLÍMPICO;2026;0;0;0;0
INSTITUTO FEDERAL DO RIO DE JANEIRO;RJ;CAMPUS SÃO GONÇALO;2010;2040.291143;0;0;0
INSTITUTO FEDERAL DO RIO DE JANEIRO;RJ;CAMPUS SÃO JOÃO DE MERITI;2018;302.564916;0;0;22.848512
INSTITUTO FEDERAL DO RIO DE JANEIRO;RJ;CAMPUS VOLTA REDONDA;2009;1919.093822;0;0;211.574506
INSTITUTO FEDERAL DO RIO GRANDE DO NORTE;RN;CAMPUS APODI;2009;2462.980823;0;0;0
INSTITUTO FEDERAL DO RIO GRANDE DO NORTE;RN;CAMPUS AVANÇADO JUCURUTU;2018;224.779169;0;0;0
INSTITUTO FEDERAL DO RIO GRANDE DO NORTE;RN;CAMPUS AVANÇADO NATAL ZONA LESTE;2018;108.97241;1063.105525;0;802.688855
INSTITUTO FEDERAL DO RIO GRANDE DO NORTE;RN;CAMPUS CAICÓ;2009;2287.01973;0;0;0
INSTITUTO FEDERAL DO RIO GRANDE DO NORTE;RN;CAMPUS CANGUARETAMA;2013;1575.803769;0;0;0
INSTITUTO FEDERAL DO RIO GRANDE DO NORTE;RN;CAMPUS CEARÁ-MIRIM;2013;1628.775323;0;0;0
INSTITUTO FEDERAL DO RIO GRANDE DO NORTE;RN;CAMPUS CURRAIS NOVOS;2009;2041.686442;0;0;122.071138
INSTITUTO FEDERAL DO RIO GRANDE DO NORTE;RN;CAMPUS IPANGUAÇU;2009;2239.355183;0;0;0
INSTITUTO FEDERAL DO RIO GRANDE DO NORTE;RN;CAMPUS JOÃO CÂMARA;2009;1609.8449;0;0;0
INSTITUTO FEDERAL DO RIO GRANDE DO NORTE;RN;CAMPUS LAJES;2015;658.336663;0;0;0
INSTITUTO FEDERAL DO RIO GRANDE DO NORTE;RN;CAMPUS MACAU;2009;1987.6596;0;0;0
INSTITUTO FEDERAL DO RIO GRANDE DO NORTE;RN;CAMPUS MOSSORÓ;2009;2959.760682;0;0;0
INSTITUTO FEDERAL DO RIO GRANDE DO NORTE;RN;CAMPUS NATAL CENTRAL;2009;10518.539048;0;0;0
INSTITUTO FEDERAL DO RIO GRANDE DO NORTE;RN;CAMPUS NATAL CIDADE ALTA;2013;1338.401057;0;0;0
INSTITUTO FEDERAL DO RIO GRANDE DO NORTE;RN;CAMPUS NATAL ZONA NORTE;2009;2001.410317;0;0;10.852941
INSTITUTO FEDERAL DO RIO GRANDE DO NORTE;RN;CAMPUS NOVA CRUZ;2013;1596.487635;0;0;0
INSTITUTO FEDERAL DO RIO GRANDE DO NORTE;RN;CAMPUS PARELHAS;2015;848.485136;0;0;0
INSTITUTO FEDERAL DO RIO GRANDE DO NORTE;RN;CAMPUS PARNAMIRIM;2013;2166.628321;0;0;21.546438
INSTITUTO FEDERAL DO RIO GRANDE DO NORTE;RN;CAMPUS PAU DOS FERROS;2009;2995.44017;0;0;120.24375
INSTITUTO FEDERAL DO RIO GRANDE DO NORTE;RN;CAMPUS SANTA CRUZ;2009;2083.63159;0;0;0
INSTITUTO FEDERAL DO RIO GRANDE DO NORTE;RN;CAMPUS SÃO GONÇALO DO AMARANTE;2013;1993.815296;0;0;0
INSTITUTO FEDERAL DO RIO GRANDE DO NORTE;RN;CAMPUS SÃO MIGUEL;2026;0;0;0;0
INSTITUTO FEDERAL DO RIO GRANDE DO NORTE;RN;CAMPUS SÃO PAULO DO POTENGI;2013;1820.712923;0;0;0
INSTITUTO FEDERAL DO RIO GRANDE DO NORTE;RN;CAMPUS TOUROS;2026;0;0;0;0
INSTITUTO FEDERAL DO RIO GRANDE DO NORTE;RN;CAMPUS UMARIZAL;2026;0;0;0;0
INSTITUTO FEDERAL DE RONDONIA;RO;CAMPUS ARIQUEMES;2009;3563.684964;0;0;58.563733
INSTITUTO FEDERAL DE RONDONIA;RO;CAMPUS CACOAL;2013;3517.041428;0;0;151.694416
INSTITUTO FEDERAL DE RONDONIA;RO;CAMPUS COLORADO DO OESTE;2009;5295.504838;22.155822;0;83.685163
INSTITUTO FEDERAL DE RONDONIA;RO;CAMPUS GUAJARÁ-MIRIM;2016;1791.506715;0;0;77.751005
INSTITUTO FEDERAL DE RONDONIA;RO;CAMPUS JARU;2016;1986.507004;0;0;195.763033
INSTITUTO FEDERAL DE RONDONIA;RO;CAMPUS JI-PARANÁ;2010;2761.643577;126;0;303.549685
INSTITUTO FEDERAL DE RONDONIA;RO;CAMPUS PORTO VELHO CALAMA;2013;5140.533446;41.529282;0;102.567334
INSTITUTO FEDERAL DE RONDONIA;RO;CAMPUS PORTO VELHO ZONA NORTE;2009;801.847993;1108.03093;0;954.410062
INSTITUTO FEDERAL DE RONDONIA;RO;CAMPUS SÃO MIGUEL DO GUAPORÉ;2018;1004.263902;0;0;94.885826
INSTITUTO FEDERAL DE RONDONIA;RO;CAMPUS VILHENA;2009;2807.321871;0;0;108.562622
INSTITUTO FEDERAL DE RORAIMA;RR;CAMPUS AMAJARI;2010;1118.166381;113.116475;0;365.778069
INSTITUTO FEDERAL DE RORAIMA;RR;CAMPUS BOA VISTA;2009;3135.705933;2379.967301;0;512.719328
INSTITUTO FEDERAL DE RORAIMA;RR;CAMPUS BOA VISTA ZONA OESTE;2013;868.461618;293.227248;0;1.08467
INSTITUTO FEDERAL DE RORAIMA;RR;CAMPUS BONFIM;2015;315.26773;0;0;69.287647
INSTITUTO FEDERAL DE RORAIMA;RR;CAMPUS NOVO PARAÍSO;2009;2018.188889;59.886885;0;122.884556
INSTITUTO FEDERAL FARROUPILHA;RS;CAMPUS ALEGRETE;2009;3214.353918;33.284778;15.7125;643.010457
INSTITUTO FEDERAL FARROUPILHA;RS;CAMPUS FREDERICO WESTPHALEN;2014;3294.743891;0;3.125;47.016947
INSTITUTO FEDERAL FARROUPILHA;RS;CAMPUS JAGUARI;2013;1188.3181;0;8.828125;396.950902
INSTITUTO FEDERAL FARROUPILHA;RS;CAMPUS JÚLIO DE CASTILHOS;2010;2799.003192;77.786145;0;71.009313
INSTITUTO FEDERAL FARROUPILHA;RS;CAMPUS LUIZ GONZAGA;2026;0;0;0;0
INSTITUTO FEDERAL FARROUPILHA;RS;CAMPUS PANAMBI;2010;2568.492521;0;15.4625;118.415235
INSTITUTO FEDERAL FARROUPILHA;RS;CAMPUS SANTA ROSA;2010;2409.109252;0;21.1375;260.63537
INSTITUTO FEDERAL FARROUPILHA;RS;CAMPUS SANTIAGO;2026;0;0;0;0
INSTITUTO FEDERAL FARROUPILHA;RS;CAMPUS SANTO ÂNGELO;2014;2038.464867;0;0;148.19294
INSTITUTO FEDERAL FARROUPILHA;RS;CAMPUS SANTO AUGUSTO;2009;2574.012693;0;17.5375;129.563964
INSTITUTO FEDERAL FARROUPILHA;RS;CAMPUS SÃO BORJA;2010;1541.72799;0;12.75;67.975053
INSTITUTO FEDERAL FARROUPILHA;RS;CAMPUS SÃO VICENTE DO SUL;2009;4423.754392;0;6.025;449.910878
INSTITUTO FEDERAL FARROUPILHA;RS;CAMPUS URUGUAIANA;2014;821.165511;251.91648;123.3125;0
INSTITUTO FEDERAL FARROUPILHA;RS;COLEGIO AGRICOLA FREDERICO WESTPHALEN;0;0;0;0;0
INSTITUTO FEDERAL DO RIO GRANDE DO SUL;RS;CAMPUS ALVORADA;2015;1509.340863;0;5154.15;0
INSTITUTO FEDERAL DO RIO GRANDE DO SUL;RS;CAMPUS BENTO GONÇALVES;2009;4085.220663;0.075;47385.56;0
INSTITUTO FEDERAL DO RIO GRANDE DO SUL;RS;CAMPUS CANOAS;2010;2280.605903;0;1254.8125;9.125
INSTITUTO FEDERAL DO RIO GRANDE DO SUL;RS;CAMPUS CAXIAS DO SUL;2010;4473.264243;0;0;13.08125
INSTITUTO FEDERAL DO RIO GRANDE DO SUL;RS;CAMPUS ERECHIM;2010;1756.337106;0;1870.2;0
INSTITUTO FEDERAL DO RIO GRANDE DO SUL;RS;CAMPUS FARROUPILHA;2013;2040.744739;0;3714.125;0
INSTITUTO FEDERAL DO RIO GRANDE DO SUL;RS;CAMPUS FELIZ;2013;1641.914373;0;407.6;0
INSTITUTO FEDERAL DO RIO GRANDE DO SUL;RS;CAMPUS IBIRUBÁ;2013;2265.316283;0;151.95;0
INSTITUTO FEDERAL DO RIO GRANDE DO SUL;RS;CAMPUS OSÓRIO;2010;1419.055188;0;6566.65625;188.79666
INSTITUTO FEDERAL DO RIO GRANDE DO SUL;RS;CAMPUS PORTO ALEGRE;2009;2552.303317;0;1564.1;34.892225
INSTITUTO FEDERAL DO RIO GRANDE DO SUL;RS;CAMPUS PORTO ALEGRE RESTINGA;2010;2524.985056;0;266.14375;3.075
INSTITUTO FEDERAL DO RIO GRANDE DO SUL;RS;CAMPUS PORTO ALEGRE - ZONA NORTE;2026;0;0;0;0
INSTITUTO FEDERAL DO RIO GRANDE DO SUL;RS;CAMPUS RIO GRANDE;2009;3804.877346;0;207.59375;0
INSTITUTO FEDERAL DO RIO GRANDE DO SUL;RS;CAMPUS ROLANTE;2015;1708.962071;0;18.65;0
INSTITUTO FEDERAL DO RIO GRANDE DO SUL;RS;CAMPUS SERTÃO;2009;3489.928019;0;24.025;11.812452
INSTITUTO FEDERAL DO RIO GRANDE DO SUL;RS;CAMPUS VACARIA;2015;1895.464121;0;275.025;0
INSTITUTO FEDERAL DO RIO GRANDE DO SUL;RS;CAMPUS VERANÓPOLIS;2015;620.237011;0;9306.740625;0
INSTITUTO FEDERAL DO RIO GRANDE DO SUL;RS;CAMPUS VIAMÃO;2016;989.914384;0;0;0
INSTITUTO FEDERAL SUL-RIO-GRANDENSE;RS;CAMPUS AVANÇADO NOVO HAMBURGO;2016;462.503985;0;0;547.15
INSTITUTO FEDERAL SUL-RIO-GRANDENSE;RS;CAMPUS BAGÉ;2010;1552.838944;0.8;0;833.7
INSTITUTO FEDERAL SUL-RIO-GRANDENSE;RS;CAMPUS CAMAQUÃ;2010;1500.608047;0;0;667.675
INSTITUTO FEDERAL SUL-RIO-GRANDENSE;RS;CAMPUS CHARQUEADAS;2006;2068.050889;0;0;321.774543
INSTITUTO FEDERAL SUL-RIO-GRANDENSE;RS;CAMPUS GRAVATAÍ;2013;566.214656;243.597826;499.15;0
INSTITUTO FEDERAL SUL-RIO-GRANDENSE;RS;CAMPUS JAGUARÃO;2014;495.644709;0;0;631.025
INSTITUTO FEDERAL SUL-RIO-GRANDENSE;RS;CAMPUS LAJEADO;2013;1085.798949;0;0;880.069663
INSTITUTO FEDERAL SUL-RIO-GRANDENSE;RS;CAMPUS PASSO FUNDO;2007;1898.89897;931.657165;583.675;17.775
INSTITUTO FEDERAL SUL-RIO-GRANDENSE;RS;CAMPUS PELOTAS;2008;7767.108961;904.218287;590.95;175.838869
INSTITUTO FEDERAL SUL-RIO-GRANDENSE;RS;CAMPUS PELOTAS VISCONDE DA GRAÇA;2013;3832.714717;0;0;574.15
INSTITUTO FEDERAL SUL-RIO-GRANDENSE;RS;CAMPUS SANTANA DO LIVRAMENTO;2013;2219.44668;0;0;563.875
INSTITUTO FEDERAL SUL-RIO-GRANDENSE;RS;CAMPUS SÃO LEOPOLDO;2026;0;0;0;0
INSTITUTO FEDERAL SUL-RIO-GRANDENSE;RS;CAMPUS SAPIRANGA;2013;858.55545;843.051885;664.525;0
INSTITUTO FEDERAL SUL-RIO-GRANDENSE;RS;CAMPUS SAPUCAIA DO SUL;1995;2850.433506;637.870725;0;459.09363
INSTITUTO FEDERAL SUL-RIO-GRANDENSE;RS;CAMPUS VENÂNCIO AIRES;2011;1180.511162;95.425631;0;498.670216
INSTITUTO FEDERAL SUL-RIO-GRANDENSE;RS;CENTRO DE REFERENCIA PELOTAS;0;0;0;0;0
INSTITUTO FEDERAL CATARINENSE;SC;CAMPUS ABELARDO LUZ;2015;998.613091;21.25;0;0
INSTITUTO FEDERAL CATARINENSE;SC;CAMPUS ARAQUARI;2009;4660.530737;0;0;0
INSTITUTO FEDERAL CATARINENSE;SC;CAMPUS BLUMENAU;2013;2619.934685;0;0;0
INSTITUTO FEDERAL CATARINENSE;SC;CAMPUS BRUSQUE;2013;1037.974635;0;0;0
INSTITUTO FEDERAL CATARINENSE;SC;CAMPUS CAMBORIÚ;2009;4535.732538;208.436691;0;268.392822
INSTITUTO FEDERAL CATARINENSE;SC;CAMPUS CONCÓRDIA;2009;4596.988185;0;0;24.120472
INSTITUTO FEDERAL CATARINENSE;SC;CAMPUS FRAIBURGO;2013;820.48308;0;0;0
INSTITUTO FEDERAL CATARINENSE;SC;CAMPUS IBIRAMA;2013;1012.344252;0;0;107.1875
INSTITUTO FEDERAL CATARINENSE;SC;CAMPUS LUZERNA;2013;1370.141027;0;0;0
INSTITUTO FEDERAL CATARINENSE;SC;CAMPUS RIO DO SUL;2009;3893.306415;38.298913;0;99
INSTITUTO FEDERAL CATARINENSE;SC;CAMPUS SANTA ROSA DO SUL;2009;3277.964609;0;0;0
INSTITUTO FEDERAL CATARINENSE;SC;CAMPUS SÃO BENTO DO SUL;2016;1506.344241;14.85;0;0
INSTITUTO FEDERAL CATARINENSE;SC;CAMPUS SÃO FRANCISCO DO SUL;2013;1281.79919;0;0;0
INSTITUTO FEDERAL CATARINENSE;SC;CAMPUS SOMBRIO;2014;1454.891263;18.040909;0;0
INSTITUTO FEDERAL CATARINENSE;SC;CAMPUS VIDEIRA;2010;3141.745809;0;0;0
INSTITUTO FEDERAL DE SANTA CATARINA;SC;CAMPUS ARARANGUÁ;2008;2232.296049;0;0;0
INSTITUTO FEDERAL DE SANTA CATARINA;SC;CAMPUS AVANÇADO SÃO LOURENÇO DO OESTE;2015;228.590654;0;116.35;28.369266
INSTITUTO FEDERAL DE SANTA CATARINA;SC;CAMPUS CAÇADOR;2011;998.787479;0;0;4
INSTITUTO FEDERAL DE SANTA CATARINA;SC;CAMPUS CANOINHAS;2010;2072.605843;0;0;24.075
INSTITUTO FEDERAL DE SANTA CATARINA;SC;CAMPUS CHAPECÓ;2006;1917.057242;0;0;287.59963
INSTITUTO FEDERAL DE SANTA CATARINA;SC;CAMPUS CRICIÚMA;2010;2671.672039;183.620748;0;15.3
INSTITUTO FEDERAL DE SANTA CATARINA;SC;CAMPUS FLORIANÓPOLIS;2008;11526.03086;0;0;667.77752
INSTITUTO FEDERAL DE SANTA CATARINA;SC;CAMPUS FLORIANÓPOLIS CONTINENTE;2006;1756.784899;0;0;169.727629
INSTITUTO FEDERAL DE SANTA CATARINA;SC;CAMPUS GAROPABA;2013;846.910866;0;0;0
INSTITUTO FEDERAL DE SANTA CATARINA;SC;CAMPUS GASPAR;2010;2040.877223;0;0;98.974983
INSTITUTO FEDERAL DE SANTA CATARINA;SC;CAMPUS ITAJAÍ;2010;2588.309629;0;0;2.95
INSTITUTO FEDERAL DE SANTA CATARINA;SC;CAMPUS JARAGUA DO SUL;2010;2195.328807;0;0;0
INSTITUTO FEDERAL DE SANTA CATARINA;SC;CAMPUS JARAGUÁ DO SUL RAU;2010;2520.237815;0;0;2.547862
INSTITUTO FEDERAL DE SANTA CATARINA;SC;CAMPUS JOINVILLE;2006;2805.146466;0;0;0
INSTITUTO FEDERAL DE SANTA CATARINA;SC;CAMPUS LAGES;2011;1981.251159;0;0;77.010883
INSTITUTO FEDERAL DE SANTA CATARINA;SC;CAMPUS PALHOÇA;2013;1370.522442;269.081336;0;27.690384
INSTITUTO FEDERAL DE SANTA CATARINA;SC;CAMPUS SÃO CARLOS;2013;1261.119328;53.843543;0;0
INSTITUTO FEDERAL DE SANTA CATARINA;SC;CAMPUS SÃO JOSÉ;2003;2823.230742;0;0;99.3
INSTITUTO FEDERAL DE SANTA CATARINA;SC;CAMPUS SÃO MIGUEL DO OESTE;2010;1886.624582;0;0;86.37721
INSTITUTO FEDERAL DE SANTA CATARINA;SC;CAMPUS TUBARÃO;2013;639.490508;350.768209;0;242.202206
INSTITUTO FEDERAL DE SANTA CATARINA;SC;CAMPUS URUPEMA;2013;519.513587;0;0;32.722623
INSTITUTO FEDERAL DE SANTA CATARINA;SC;CAMPUS XANXERÊ;2010;1437.424847;0;0;9.375
INSTITUTO FEDERAL DE SANTA CATARINA;SC;CENTRO DE REFERENCIA EM FORMACAO E EDUCACAO A DISTANCIA;0;0;0;0;0
INSTITUTO FEDERAL DE SERGIPE;SE;CAMPUS ARACAJU;2009;6582.142226;0;0;30.622045
INSTITUTO FEDERAL DE SERGIPE;SE;CAMPUS ESTÂNCIA;2009;1683.914409;0;0;0
INSTITUTO FEDERAL DE SERGIPE;SE;CAMPUS ITABAIANA;2009;1210.076526;24.560748;0;0
INSTITUTO FEDERAL DE SERGIPE;SE;CAMPUS LAGARTO;2009;3221.575141;0;0;0
INSTITUTO FEDERAL DE SERGIPE;SE;CAMPUS NOSSA SENHORA DA GLÓRIA;2009;407.204851;24.560748;0;0
INSTITUTO FEDERAL DE SERGIPE;SE;CAMPUS NOSSA SENHORA DO SOCORRO;2014;981.566325;0;0;0
INSTITUTO FEDERAL DE SERGIPE;SE;CAMPUS POÇO REDONDO;2020;247.61825;0;0;74.85
INSTITUTO FEDERAL DE SERGIPE;SE;CAMPUS PROPRIÁ;2009;327.595575;0;0;0
INSTITUTO FEDERAL DE SERGIPE;SE;CAMPUS SÃO CRISTÓVÃO;2016;2371.456796;23.946729;0;0
INSTITUTO FEDERAL DE SERGIPE;SE;CAMPUS TOBIAS BARRETO;2014;408.159543;0;0;13.146842
INSTITUTO FEDERAL DE SAO PAULO;SP;CAMPUS ARARAQUARA;2010;1825.126558;0;69.5;13.895833
INSTITUTO FEDERAL DE SAO PAULO;SP;CAMPUS AVANÇADO ILHA SOLTEIRA;2015;696.43717;67.868852;0;386.220163
INSTITUTO FEDERAL DE SAO PAULO;SP;CAMPUS AVANÇADO TUPÃ;2010;1013.591405;0;0;0
INSTITUTO FEDERAL DE SAO PAULO;SP;CAMPUS AVARÉ;2010;2544.620103;0;0;0.486538
INSTITUTO FEDERAL DE SAO PAULO;SP;CAMPUS BARRETOS;2009;3249.867653;58.553473;0;14.604273
INSTITUTO FEDERAL DE SAO PAULO;SP;CAMPUS BAURU;2022;173.369401;0;0;4.8
INSTITUTO FEDERAL DE SAO PAULO;SP;CAMPUS BIRIGUI;2013;1748.636718;0;0;33.990836
INSTITUTO FEDERAL DE SAO PAULO;SP;CAMPUS BOITUVA;2009;1715.678108;1767.760897;0;86.26812
INSTITUTO FEDERAL DE SAO PAULO;SP;CAMPUS BRAGANÇA PAULISTA;2010;2575.781832;0;0;70.35
INSTITUTO FEDERAL DE SAO PAULO;SP;CAMPUS CAMPINAS;2009;2037.883966;0;0;9.08625
INSTITUTO FEDERAL DE SAO PAULO;SP;CAMPUS CAMPOS DO JORDÃO;2013;1395.641205;0;0;13.45
INSTITUTO FEDERAL DE SAO PAULO;SP;CAMPUS CAPIVARI;2009;1448.383376;41.374749;0;719.932348
INSTITUTO FEDERAL DE SAO PAULO;SP;CAMPUS CARAGUATATUBA;2009;2036.625554;0;23.4;2.075
INSTITUTO FEDERAL DE SAO PAULO;SP;CAMPUS CATANDUVA;2009;2016.175744;297.911072;0;35.4875
INSTITUTO FEDERAL DE SAO PAULO;SP;CAMPUS COTIA;2026;0;0;0;0
INSTITUTO FEDERAL DE SAO PAULO;SP;CAMPUS CUBATÃO;2009;2588.337741;0;0;7.245
INSTITUTO FEDERAL DE SAO PAULO;SP;CAMPUS DIADEMA;2026;0;0;0;0
INSTITUTO FEDERAL DE SAO PAULO;SP;CAMPUS GUARUJÁ;2026;0;0;0;0
INSTITUTO FEDERAL DE SAO PAULO;SP;CAMPUS GUARULHOS;2010;2317.629243;0;0;239.155429
INSTITUTO FEDERAL DE SAO PAULO;SP;CAMPUS HORTOLÂNDIA;2009;2083.908091;70.9625;0;69.89133
INSTITUTO FEDERAL DE SAO PAULO;SP;CAMPUS ITAPETININGA;2016;2556.253955;0;4.8125;0
INSTITUTO FEDERAL DE SAO PAULO;SP;CAMPUS ITAQUAQUECETUBA;2015;2322.448913;0;0;4.078125
INSTITUTO FEDERAL DE SAO PAULO;SP;CAMPUS JACAREÍ;2013;2010.618306;0;0;0
INSTITUTO FEDERAL DE SAO PAULO;SP;CAMPUS JUNDIAÍ;2016;602.23;0;0;8.03125
INSTITUTO FEDERAL DE SAO PAULO;SP;CAMPUS MATÃO;2009;2243.117236;0;0;0
INSTITUTO FEDERAL DE SAO PAULO;SP;CAMPUS MAUÁ;2026;0;0;0;0
INSTITUTO FEDERAL DE SAO PAULO;SP;CAMPUS MIRACATU;2022;39.354454;0;0;26.2375
INSTITUTO FEDERAL DE SAO PAULO;SP;CAMPUS OSASCO;2026;0;0;0;0
INSTITUTO FEDERAL DE SAO PAULO;SP;CAMPUS PIRACICABA;2010;2536.009305;0;0;0
INSTITUTO FEDERAL DE SAO PAULO;SP;CAMPUS PIRITUBA;2016;2091.89263;0;0;16.175
INSTITUTO FEDERAL DE SAO PAULO;SP;CAMPUS PRESIDENTE EPITÁCIO;2010;2158.813879;0;0;0
INSTITUTO FEDERAL DE SAO PAULO;SP;CAMPUS PRESIDENTE PRUDENTE;2022;195.482832;0;0;0
INSTITUTO FEDERAL DE SAO PAULO;SP;CAMPUS REGISTRO;2022;2089.588461;0;0;0
INSTITUTO FEDERAL DE SAO PAULO;SP;CAMPUS RIBEIRÃO PRETO;2026;0;0;0;0
INSTITUTO FEDERAL DE SAO PAULO;SP;CAMPUS RIO CLARO;2022;45.3;0;0;192.575
INSTITUTO FEDERAL DE SAO PAULO;SP;CAMPUS SALTO;2009;2392.485357;0;0;197.155665
INSTITUTO FEDERAL DE SAO PAULO;SP;CAMPUS SANTOS;2026;0;0;0;0
INSTITUTO FEDERAL DE SAO PAULO;SP;CAMPUS SÃO CARLOS;2010;2299.869095;0;0;39.114128
INSTITUTO FEDERAL DE SAO PAULO;SP;CAMPUS SÃO JOÃO DA BOA VISTA;2009;1616.204308;58.019573;0;1602.077915
INSTITUTO FEDERAL DE SAO PAULO;SP;CAMPUS SÃO JOSÉ DO RIO PRETO;2017;620.341446;0;0;215.60375
INSTITUTO FEDERAL DE SAO PAULO;SP;CAMPUS SÃO JOSÉ DOS CAMPOS;2013;3214.170081;0;0;0
INSTITUTO FEDERAL DE SAO PAULO;SP;CAMPUS SÃO MIGUEL PAULISTA;2016;575.673439;0;0;250.065309
INSTITUTO FEDERAL DE SAO PAULO;SP;CAMPUS SÃO PAULO;2009;11257.323379;3.943654;0;1128.423391
INSTITUTO FEDERAL DE SAO PAULO;SP;CAMPUS SÃO PAULO - CIDADETIRADENTES;2026;0;0;0;0
INSTITUTO FEDERAL DE SAO PAULO;SP;CAMPUS SÃO PAULO - JARDIM ÂNGELA;2026;0;0;0;0
INSTITUTO FEDERAL DE SAO PAULO;SP;CAMPUS SÃO ROQUE;2009;2285.101231;0;0;12.045884
INSTITUTO FEDERAL DE SAO PAULO;SP;CAMPUS SÃO VICENTE;2026;0;0;0;0
INSTITUTO FEDERAL DE SAO PAULO;SP;CAMPUS SERTÃOZINHO;2009;3124.025991;0;0;38.675
INSTITUTO FEDERAL DE SAO PAULO;SP;CAMPUS SOROCABA;2016;1775.067036;0;0;25.0625
INSTITUTO FEDERAL DE SAO PAULO;SP;CAMPUS SUZANO;2010;2555.181613;0;0;113.63625
INSTITUTO FEDERAL DE SAO PAULO;SP;CAMPUS VOTUPORANGA;2010;2037.415593;0;0;0.5
INSTITUTO FEDERAL DE TOCANTINS;TO;CAMPUS ARAGUAÍNA;2009;1591.134838;0;0;0
INSTITUTO FEDERAL DE TOCANTINS;TO;CAMPUS ARAGUATINS;1985;5191.812187;393.450011;0;0
INSTITUTO FEDERAL DE TOCANTINS;TO;CAMPUS COLINAS DO TOCANTINS;2014;1643.963026;0;0;0
INSTITUTO FEDERAL DE TOCANTINS;TO;CAMPUS DIANÓPOLIS;2013;2120.891086;0;0;0
INSTITUTO FEDERAL DE TOCANTINS;TO;CAMPUS FORMOSO DO ARAGUAIA;2015;747.932473;4.899194;0;138.362772
INSTITUTO FEDERAL DE TOCANTINS;TO;CAMPUS GURUPI;2010;1979.248466;0;0;7.116551
INSTITUTO FEDERAL DE TOCANTINS;TO;CAMPUS LAGOA DA CONFUSÃO;2014;1228.724911;0;0;123.485054
INSTITUTO FEDERAL DE TOCANTINS;TO;CAMPUS PALMAS;2002;7651.178103;319.938653;0;269.56757
INSTITUTO FEDERAL DE TOCANTINS;TO;CAMPUS PARAÍSO DO TOCANTINS;2006;1763.729592;322.5;0;0
INSTITUTO FEDERAL DE TOCANTINS;TO;CAMPUS PEDRO AFONSO;2014;1262.093204;1.257182;0;109.351223
INSTITUTO FEDERAL DE TOCANTINS;TO;CAMPUS PORTO NACIONAL;2010;1876.443957;571.525341;0;0
INSTITUTO FEDERAL DE TOCANTINS;TO;CAMPUS TOCANTINÓPOLIS;2026;0;0;0;0
INSTITUTO FEDERAL DE TOCANTINS;TO;CENTRO DE REFERÊNCIA EM EDUCAÇÃO A DISTÂNCIA;0;0;0;0;577.477545
